onset	duration	trial_type	value	sample
28.7529296875	0.0	trigger	1	58886
28.7529296875	0.0	trigger	1	58886
28.8955078125	0.0	trigger	1	59178
28.8955078125	0.0	trigger	1	59178
29.0380859375	0.0	trigger	1	59470
29.0380859375	0.0	trigger	1	59470
29.1806640625	0.0	trigger	1	59762
29.1806640625	0.0	trigger	1	59762
29.3232421875	0.0	trigger	1	60054
29.3232421875	0.0	trigger	1	60054
29.4658203125	0.0	trigger	1	60346
29.4658203125	0.0	trigger	1	60346
29.6083984375	0.0	trigger	1	60638
29.6083984375	0.0	trigger	1	60638
29.75146484375	0.0	trigger	1	60931
29.75146484375	0.0	trigger	1	60931
29.89404296875	0.0	trigger	1	61223
29.89404296875	0.0	trigger	1	61223
30.03662109375	0.0	trigger	1	61515
30.03662109375	0.0	trigger	1	61515
30.17919921875	0.0	trigger	1	61807
30.17919921875	0.0	trigger	1	61807
30.32177734375	0.0	trigger	1	62099
30.32177734375	0.0	trigger	1	62099
30.46435546875	0.0	trigger	1	62391
30.46435546875	0.0	trigger	1	62391
30.60693359375	0.0	trigger	1	62683
30.60693359375	0.0	trigger	1	62683
30.74951171875	0.0	trigger	1	62975
30.74951171875	0.0	trigger	1	62975
30.892578125	0.0	trigger	1	63268
30.892578125	0.0	trigger	1	63268
31.03515625	0.0	trigger	1	63560
31.03515625	0.0	trigger	1	63560
31.177734375	0.0	trigger	1	63852
31.177734375	0.0	trigger	1	63852
31.3203125	0.0	trigger	1	64144
31.3203125	0.0	trigger	1	64144
31.462890625	0.0	trigger	1	64436
31.462890625	0.0	trigger	1	64436
31.60546875	0.0	trigger	1	64728
31.60546875	0.0	trigger	1	64728
31.7529296875	0.0	trigger	1	65030
31.7529296875	0.0	trigger	1	65030
31.89599609375	0.0	trigger	1	65323
31.89599609375	0.0	trigger	1	65323
32.03857421875	0.0	trigger	1	65615
32.03857421875	0.0	trigger	1	65615
32.18115234375	0.0	trigger	1	65907
32.18115234375	0.0	trigger	1	65907
32.32373046875	0.0	trigger	1	66199
32.32373046875	0.0	trigger	1	66199
32.46630859375	0.0	trigger	1	66491
32.46630859375	0.0	trigger	1	66491
32.60888671875	0.0	trigger	1	66783
32.60888671875	0.0	trigger	1	66783
32.75146484375	0.0	trigger	1	67075
32.75146484375	0.0	trigger	1	67075
32.89404296875	0.0	trigger	1	67367
32.89404296875	0.0	trigger	1	67367
33.03662109375	0.0	trigger	1	67659
33.03662109375	0.0	trigger	1	67659
33.1796875	0.0	trigger	1	67952
33.1796875	0.0	trigger	1	67952
33.322265625	0.0	trigger	1	68244
33.322265625	0.0	trigger	1	68244
33.46484375	0.0	trigger	1	68536
33.46484375	0.0	trigger	1	68536
33.607421875	0.0	trigger	1	68828
33.607421875	0.0	trigger	1	68828
33.75	0.0	trigger	1	69120
33.75	0.0	trigger	1	69120
33.892578125	0.0	trigger	1	69412
33.892578125	0.0	trigger	1	69412
34.03515625	0.0	trigger	1	69704
34.03515625	0.0	trigger	1	69704
34.177734375	0.0	trigger	1	69996
34.177734375	0.0	trigger	1	69996
34.3203125	0.0	trigger	1	70288
34.3203125	0.0	trigger	1	70288
34.46337890625	0.0	trigger	1	70581
34.46337890625	0.0	trigger	1	70581
34.60595703125	0.0	trigger	1	70873
34.60595703125	0.0	trigger	1	70873
34.75341796875	0.0	trigger	1	71175
34.75341796875	0.0	trigger	1	71175
34.89599609375	0.0	trigger	1	71467
34.89599609375	0.0	trigger	1	71467
35.03857421875	0.0	trigger	1	71759
35.03857421875	0.0	trigger	1	71759
35.18115234375	0.0	trigger	1	72051
35.18115234375	0.0	trigger	1	72051
35.32421875	0.0	trigger	1	72344
35.32421875	0.0	trigger	1	72344
35.466796875	0.0	trigger	1	72636
35.466796875	0.0	trigger	1	72636
35.609375	0.0	trigger	1	72928
35.609375	0.0	trigger	1	72928
35.751953125	0.0	trigger	1	73220
35.751953125	0.0	trigger	1	73220
35.89453125	0.0	trigger	1	73512
35.89453125	0.0	trigger	1	73512
36.037109375	0.0	trigger	1	73804
36.037109375	0.0	trigger	1	73804
36.1796875	0.0	trigger	1	74096
36.1796875	0.0	trigger	1	74096
36.322265625	0.0	trigger	1	74388
36.322265625	0.0	trigger	1	74388
36.46484375	0.0	trigger	1	74680
36.46484375	0.0	trigger	1	74680
36.60791015625	0.0	trigger	1	74973
36.60791015625	0.0	trigger	1	74973
36.75048828125	0.0	trigger	1	75265
36.75048828125	0.0	trigger	1	75265
36.89306640625	0.0	trigger	1	75557
36.89306640625	0.0	trigger	1	75557
37.03564453125	0.0	trigger	1	75849
37.03564453125	0.0	trigger	1	75849
37.17822265625	0.0	trigger	1	76141
37.17822265625	0.0	trigger	1	76141
37.32080078125	0.0	trigger	1	76433
37.32080078125	0.0	trigger	1	76433
37.46337890625	0.0	trigger	1	76725
37.46337890625	0.0	trigger	1	76725
37.60595703125	0.0	trigger	1	77017
37.60595703125	0.0	trigger	1	77017
37.75390625	0.0	trigger	1	77320
37.75390625	0.0	trigger	1	77320
37.896484375	0.0	trigger	1	77612
37.896484375	0.0	trigger	1	77612
38.0390625	0.0	trigger	1	77904
38.0390625	0.0	trigger	1	77904
38.181640625	0.0	trigger	1	78196
38.181640625	0.0	trigger	1	78196
38.32421875	0.0	trigger	1	78488
38.32421875	0.0	trigger	1	78488
38.466796875	0.0	trigger	1	78780
38.466796875	0.0	trigger	1	78780
38.609375	0.0	trigger	1	79072
38.609375	0.0	trigger	1	79072
38.75244140625	0.0	trigger	1	79365
38.75244140625	0.0	trigger	1	79365
38.89501953125	0.0	trigger	1	79657
38.89501953125	0.0	trigger	1	79657
39.03759765625	0.0	trigger	1	79949
39.03759765625	0.0	trigger	1	79949
39.18017578125	0.0	trigger	1	80241
39.18017578125	0.0	trigger	1	80241
39.32275390625	0.0	trigger	1	80533
39.32275390625	0.0	trigger	1	80533
39.46533203125	0.0	trigger	1	80825
39.46533203125	0.0	trigger	1	80825
39.60791015625	0.0	trigger	1	81117
39.60791015625	0.0	trigger	1	81117
39.75048828125	0.0	trigger	1	81409
39.75048828125	0.0	trigger	1	81409
39.89306640625	0.0	trigger	1	81701
39.89306640625	0.0	trigger	1	81701
40.0361328125	0.0	trigger	1	81994
40.0361328125	0.0	trigger	1	81994
40.1787109375	0.0	trigger	1	82286
40.1787109375	0.0	trigger	1	82286
40.3212890625	0.0	trigger	1	82578
40.3212890625	0.0	trigger	1	82578
40.4638671875	0.0	trigger	1	82870
40.4638671875	0.0	trigger	1	82870
40.6064453125	0.0	trigger	1	83162
40.6064453125	0.0	trigger	1	83162
40.75390625	0.0	trigger	1	83464
40.75390625	0.0	trigger	1	83464
40.896484375	0.0	trigger	1	83756
40.896484375	0.0	trigger	1	83756
41.03955078125	0.0	trigger	1	84049
41.03955078125	0.0	trigger	1	84049
41.18212890625	0.0	trigger	1	84341
41.18212890625	0.0	trigger	1	84341
41.32470703125	0.0	trigger	1	84633
41.32470703125	0.0	trigger	1	84633
41.46728515625	0.0	trigger	1	84925
41.46728515625	0.0	trigger	1	84925
41.60986328125	0.0	trigger	1	85217
41.60986328125	0.0	trigger	1	85217
41.75244140625	0.0	trigger	1	85509
41.75244140625	0.0	trigger	1	85509
41.89501953125	0.0	trigger	1	85801
41.89501953125	0.0	trigger	1	85801
42.03759765625	0.0	trigger	1	86093
42.03759765625	0.0	trigger	1	86093
42.18017578125	0.0	trigger	1	86385
42.18017578125	0.0	trigger	1	86385
42.3232421875	0.0	trigger	1	86678
42.3232421875	0.0	trigger	1	86678
42.4658203125	0.0	trigger	1	86970
42.4658203125	0.0	trigger	1	86970
42.6083984375	0.0	trigger	1	87262
42.6083984375	0.0	trigger	1	87262
42.7509765625	0.0	trigger	1	87554
42.7509765625	0.0	trigger	1	87554
42.8935546875	0.0	trigger	1	87846
42.8935546875	0.0	trigger	1	87846
43.0361328125	0.0	trigger	1	88138
43.0361328125	0.0	trigger	1	88138
43.1787109375	0.0	trigger	1	88430
43.1787109375	0.0	trigger	1	88430
43.3212890625	0.0	trigger	1	88722
43.3212890625	0.0	trigger	1	88722
43.4638671875	0.0	trigger	1	89014
43.4638671875	0.0	trigger	1	89014
43.60693359375	0.0	trigger	1	89307
43.60693359375	0.0	trigger	1	89307
43.75439453125	0.0	trigger	1	89609
43.75439453125	0.0	trigger	1	89609
43.89697265625	0.0	trigger	1	89901
43.89697265625	0.0	trigger	1	89901
44.03955078125	0.0	trigger	1	90193
44.03955078125	0.0	trigger	1	90193
44.18212890625	0.0	trigger	1	90485
44.18212890625	0.0	trigger	1	90485
44.32470703125	0.0	trigger	1	90777
44.32470703125	0.0	trigger	1	90777
44.46728515625	0.0	trigger	1	91069
44.46728515625	0.0	trigger	1	91069
44.6103515625	0.0	trigger	1	91362
44.6103515625	0.0	trigger	1	91362
44.7529296875	0.0	trigger	1	91654
44.7529296875	0.0	trigger	1	91654
44.8955078125	0.0	trigger	1	91946
44.8955078125	0.0	trigger	1	91946
45.0380859375	0.0	trigger	1	92238
45.0380859375	0.0	trigger	1	92238
45.1806640625	0.0	trigger	1	92530
45.1806640625	0.0	trigger	1	92530
45.3232421875	0.0	trigger	1	92822
45.3232421875	0.0	trigger	1	92822
45.4658203125	0.0	trigger	1	93114
45.4658203125	0.0	trigger	1	93114
45.6083984375	0.0	trigger	1	93406
45.6083984375	0.0	trigger	1	93406
45.75146484375	0.0	trigger	1	93699
45.75146484375	0.0	trigger	1	93699
45.89404296875	0.0	trigger	1	93991
45.89404296875	0.0	trigger	1	93991
46.03662109375	0.0	trigger	1	94283
46.03662109375	0.0	trigger	1	94283
46.17919921875	0.0	trigger	1	94575
46.17919921875	0.0	trigger	1	94575
46.32177734375	0.0	trigger	1	94867
46.32177734375	0.0	trigger	1	94867
46.46435546875	0.0	trigger	1	95159
46.46435546875	0.0	trigger	1	95159
46.60693359375	0.0	trigger	1	95451
46.60693359375	0.0	trigger	1	95451
46.7548828125	0.0	trigger	1	95754
46.7548828125	0.0	trigger	1	95754
46.8974609375	0.0	trigger	1	96046
46.8974609375	0.0	trigger	1	96046
47.0400390625	0.0	trigger	1	96338
47.0400390625	0.0	trigger	1	96338
47.1826171875	0.0	trigger	1	96630
47.1826171875	0.0	trigger	1	96630
47.3251953125	0.0	trigger	1	96922
47.3251953125	0.0	trigger	1	96922
47.4677734375	0.0	trigger	1	97214
47.4677734375	0.0	trigger	1	97214
47.6103515625	0.0	trigger	1	97506
47.6103515625	0.0	trigger	1	97506
47.7529296875	0.0	trigger	1	97798
47.7529296875	0.0	trigger	1	97798
47.89599609375	0.0	trigger	1	98091
47.89599609375	0.0	trigger	1	98091
48.03857421875	0.0	trigger	1	98383
48.03857421875	0.0	trigger	1	98383
48.18115234375	0.0	trigger	1	98675
48.18115234375	0.0	trigger	1	98675
48.32373046875	0.0	trigger	1	98967
48.32373046875	0.0	trigger	1	98967
48.46630859375	0.0	trigger	1	99259
48.46630859375	0.0	trigger	1	99259
48.60888671875	0.0	trigger	1	99551
48.60888671875	0.0	trigger	1	99551
48.75146484375	0.0	trigger	1	99843
48.75146484375	0.0	trigger	1	99843
48.89404296875	0.0	trigger	1	100135
48.89404296875	0.0	trigger	1	100135
49.03662109375	0.0	trigger	1	100427
49.03662109375	0.0	trigger	1	100427
49.1796875	0.0	trigger	1	100720
49.1796875	0.0	trigger	1	100720
49.322265625	0.0	trigger	1	101012
49.322265625	0.0	trigger	1	101012
49.46484375	0.0	trigger	1	101304
49.46484375	0.0	trigger	1	101304
49.607421875	0.0	trigger	1	101596
49.607421875	0.0	trigger	1	101596
49.7548828125	0.0	trigger	1	101898
49.7548828125	0.0	trigger	1	101898
49.8974609375	0.0	trigger	1	102190
49.8974609375	0.0	trigger	1	102190
50.0400390625	0.0	trigger	1	102482
50.0400390625	0.0	trigger	1	102482
50.18310546875	0.0	trigger	1	102775
50.18310546875	0.0	trigger	1	102775
50.32568359375	0.0	trigger	1	103067
50.32568359375	0.0	trigger	1	103067
50.46826171875	0.0	trigger	1	103359
50.46826171875	0.0	trigger	1	103359
50.61083984375	0.0	trigger	1	103651
50.61083984375	0.0	trigger	1	103651
50.75341796875	0.0	trigger	1	103943
50.75341796875	0.0	trigger	1	103943
50.89599609375	0.0	trigger	1	104235
50.89599609375	0.0	trigger	1	104235
51.03857421875	0.0	trigger	1	104527
51.03857421875	0.0	trigger	1	104527
51.18115234375	0.0	trigger	1	104819
51.18115234375	0.0	trigger	1	104819
51.32373046875	0.0	trigger	1	105111
51.32373046875	0.0	trigger	1	105111
51.466796875	0.0	trigger	1	105404
51.466796875	0.0	trigger	1	105404
51.609375	0.0	trigger	1	105696
51.609375	0.0	trigger	1	105696
51.751953125	0.0	trigger	1	105988
51.751953125	0.0	trigger	1	105988
51.89453125	0.0	trigger	1	106280
51.89453125	0.0	trigger	1	106280
52.037109375	0.0	trigger	1	106572
52.037109375	0.0	trigger	1	106572
52.1796875	0.0	trigger	1	106864
52.1796875	0.0	trigger	1	106864
52.322265625	0.0	trigger	1	107156
52.322265625	0.0	trigger	1	107156
52.46484375	0.0	trigger	1	107448
52.46484375	0.0	trigger	1	107448
52.60791015625	0.0	trigger	1	107741
52.60791015625	0.0	trigger	1	107741
52.75537109375	0.0	trigger	1	108043
52.75537109375	0.0	trigger	1	108043
52.89794921875	0.0	trigger	1	108335
52.89794921875	0.0	trigger	1	108335
53.04052734375	0.0	trigger	1	108627
53.04052734375	0.0	trigger	1	108627
53.18310546875	0.0	trigger	1	108919
53.18310546875	0.0	trigger	1	108919
53.32568359375	0.0	trigger	1	109211
53.32568359375	0.0	trigger	1	109211
53.46826171875	0.0	trigger	1	109503
53.46826171875	0.0	trigger	1	109503
53.61083984375	0.0	trigger	1	109795
53.61083984375	0.0	trigger	1	109795
53.75390625	0.0	trigger	1	110088
53.75390625	0.0	trigger	1	110088
53.896484375	0.0	trigger	1	110380
53.896484375	0.0	trigger	1	110380
54.0390625	0.0	trigger	1	110672
54.0390625	0.0	trigger	1	110672
54.181640625	0.0	trigger	1	110964
54.181640625	0.0	trigger	1	110964
54.32421875	0.0	trigger	1	111256
54.32421875	0.0	trigger	1	111256
54.466796875	0.0	trigger	1	111548
54.466796875	0.0	trigger	1	111548
54.609375	0.0	trigger	1	111840
54.609375	0.0	trigger	1	111840
54.751953125	0.0	trigger	1	112132
54.751953125	0.0	trigger	1	112132
54.89501953125	0.0	trigger	1	112425
54.89501953125	0.0	trigger	1	112425
55.03759765625	0.0	trigger	1	112717
55.03759765625	0.0	trigger	1	112717
55.18017578125	0.0	trigger	1	113009
55.18017578125	0.0	trigger	1	113009
55.32275390625	0.0	trigger	1	113301
55.32275390625	0.0	trigger	1	113301
55.46533203125	0.0	trigger	1	113593
55.46533203125	0.0	trigger	1	113593
55.60791015625	0.0	trigger	1	113885
55.60791015625	0.0	trigger	1	113885
55.75537109375	0.0	trigger	1	114187
55.75537109375	0.0	trigger	1	114187
55.8984375	0.0	trigger	1	114480
55.8984375	0.0	trigger	1	114480
56.041015625	0.0	trigger	1	114772
56.041015625	0.0	trigger	1	114772
56.18359375	0.0	trigger	1	115064
56.18359375	0.0	trigger	1	115064
56.326171875	0.0	trigger	1	115356
56.326171875	0.0	trigger	1	115356
56.46875	0.0	trigger	1	115648
56.46875	0.0	trigger	1	115648
56.611328125	0.0	trigger	1	115940
56.611328125	0.0	trigger	1	115940
56.75390625	0.0	trigger	1	116232
56.75390625	0.0	trigger	1	116232
56.896484375	0.0	trigger	1	116524
56.896484375	0.0	trigger	1	116524
57.0390625	0.0	trigger	1	116816
57.0390625	0.0	trigger	1	116816
57.18212890625	0.0	trigger	1	117109
57.18212890625	0.0	trigger	1	117109
57.32470703125	0.0	trigger	1	117401
57.32470703125	0.0	trigger	1	117401
57.46728515625	0.0	trigger	1	117693
57.46728515625	0.0	trigger	1	117693
57.60986328125	0.0	trigger	1	117985
57.60986328125	0.0	trigger	1	117985
57.75244140625	0.0	trigger	1	118277
57.75244140625	0.0	trigger	1	118277
57.89501953125	0.0	trigger	1	118569
57.89501953125	0.0	trigger	1	118569
58.03759765625	0.0	trigger	1	118861
58.03759765625	0.0	trigger	1	118861
58.18017578125	0.0	trigger	1	119153
58.18017578125	0.0	trigger	1	119153
58.3232421875	0.0	trigger	1	119446
58.3232421875	0.0	trigger	1	119446
58.4658203125	0.0	trigger	1	119738
58.4658203125	0.0	trigger	1	119738
58.6083984375	0.0	trigger	1	120030
58.6083984375	0.0	trigger	1	120030
58.755859375	0.0	trigger	1	120332
58.755859375	0.0	trigger	1	120332
58.8984375	0.0	trigger	1	120624
58.8984375	0.0	trigger	1	120624
59.041015625	0.0	trigger	1	120916
59.041015625	0.0	trigger	1	120916
59.18359375	0.0	trigger	1	121208
59.18359375	0.0	trigger	1	121208
59.32666015625	0.0	trigger	1	121501
59.32666015625	0.0	trigger	1	121501
59.46923828125	0.0	trigger	1	121793
59.46923828125	0.0	trigger	1	121793
59.61181640625	0.0	trigger	1	122085
59.61181640625	0.0	trigger	1	122085
59.75439453125	0.0	trigger	1	122377
59.75439453125	0.0	trigger	1	122377
59.89697265625	0.0	trigger	1	122669
59.89697265625	0.0	trigger	1	122669
60.03955078125	0.0	trigger	1	122961
60.03955078125	0.0	trigger	1	122961
60.18212890625	0.0	trigger	1	123253
60.18212890625	0.0	trigger	1	123253
60.32470703125	0.0	trigger	1	123545
60.32470703125	0.0	trigger	1	123545
60.46728515625	0.0	trigger	1	123837
60.46728515625	0.0	trigger	1	123837
60.6103515625	0.0	trigger	1	124130
60.6103515625	0.0	trigger	1	124130
60.7529296875	0.0	trigger	1	124422
60.7529296875	0.0	trigger	1	124422
60.8955078125	0.0	trigger	1	124714
60.8955078125	0.0	trigger	1	124714
61.0380859375	0.0	trigger	1	125006
61.0380859375	0.0	trigger	1	125006
61.1806640625	0.0	trigger	1	125298
61.1806640625	0.0	trigger	1	125298
61.3232421875	0.0	trigger	1	125590
61.3232421875	0.0	trigger	1	125590
61.4658203125	0.0	trigger	1	125882
61.4658203125	0.0	trigger	1	125882
61.6083984375	0.0	trigger	1	126174
61.6083984375	0.0	trigger	1	126174
61.75634765625	0.0	trigger	1	126477
61.75634765625	0.0	trigger	1	126477
61.89892578125	0.0	trigger	1	126769
61.89892578125	0.0	trigger	1	126769
62.04150390625	0.0	trigger	1	127061
62.04150390625	0.0	trigger	1	127061
62.18408203125	0.0	trigger	1	127353
62.18408203125	0.0	trigger	1	127353
62.32666015625	0.0	trigger	1	127645
62.32666015625	0.0	trigger	1	127645
62.46923828125	0.0	trigger	1	127937
62.46923828125	0.0	trigger	1	127937
62.61181640625	0.0	trigger	1	128229
62.61181640625	0.0	trigger	1	128229
62.7548828125	0.0	trigger	1	128522
62.7548828125	0.0	trigger	1	128522
62.8974609375	0.0	trigger	1	128814
62.8974609375	0.0	trigger	1	128814
63.0400390625	0.0	trigger	1	129106
63.0400390625	0.0	trigger	1	129106
63.1826171875	0.0	trigger	1	129398
63.1826171875	0.0	trigger	1	129398
63.3251953125	0.0	trigger	1	129690
63.3251953125	0.0	trigger	1	129690
63.4677734375	0.0	trigger	1	129982
63.4677734375	0.0	trigger	1	129982
63.6103515625	0.0	trigger	1	130274
63.6103515625	0.0	trigger	1	130274
63.7529296875	0.0	trigger	1	130566
63.7529296875	0.0	trigger	1	130566
63.8955078125	0.0	trigger	1	130858
63.8955078125	0.0	trigger	1	130858
64.03857421875	0.0	trigger	1	131151
64.03857421875	0.0	trigger	1	131151
64.18115234375	0.0	trigger	1	131443
64.18115234375	0.0	trigger	1	131443
64.32373046875	0.0	trigger	1	131735
64.32373046875	0.0	trigger	1	131735
64.46630859375	0.0	trigger	1	132027
64.46630859375	0.0	trigger	1	132027
64.60888671875	0.0	trigger	1	132319
64.60888671875	0.0	trigger	1	132319
64.75634765625	0.0	trigger	1	132621
64.75634765625	0.0	trigger	1	132621
64.89892578125	0.0	trigger	1	132913
64.89892578125	0.0	trigger	1	132913
65.0419921875	0.0	trigger	1	133206
65.0419921875	0.0	trigger	1	133206
65.1845703125	0.0	trigger	1	133498
65.1845703125	0.0	trigger	1	133498
65.3271484375	0.0	trigger	1	133790
65.3271484375	0.0	trigger	1	133790
65.4697265625	0.0	trigger	1	134082
65.4697265625	0.0	trigger	1	134082
65.6123046875	0.0	trigger	1	134374
65.6123046875	0.0	trigger	1	134374
65.7548828125	0.0	trigger	1	134666
65.7548828125	0.0	trigger	1	134666
65.8974609375	0.0	trigger	1	134958
65.8974609375	0.0	trigger	1	134958
66.0400390625	0.0	trigger	1	135250
66.0400390625	0.0	trigger	1	135250
66.1826171875	0.0	trigger	1	135542
66.1826171875	0.0	trigger	1	135542
66.32568359375	0.0	trigger	1	135835
66.32568359375	0.0	trigger	1	135835
66.46826171875	0.0	trigger	1	136127
66.46826171875	0.0	trigger	1	136127
66.61083984375	0.0	trigger	1	136419
66.61083984375	0.0	trigger	1	136419
66.75341796875	0.0	trigger	1	136711
66.75341796875	0.0	trigger	1	136711
66.89599609375	0.0	trigger	1	137003
66.89599609375	0.0	trigger	1	137003
67.03857421875	0.0	trigger	1	137295
67.03857421875	0.0	trigger	1	137295
67.18115234375	0.0	trigger	1	137587
67.18115234375	0.0	trigger	1	137587
67.32373046875	0.0	trigger	1	137879
67.32373046875	0.0	trigger	1	137879
67.466796875	0.0	trigger	1	138172
67.466796875	0.0	trigger	1	138172
67.609375	0.0	trigger	1	138464
67.609375	0.0	trigger	1	138464
67.7568359375	0.0	trigger	1	138766
67.7568359375	0.0	trigger	1	138766
67.8994140625	0.0	trigger	1	139058
67.8994140625	0.0	trigger	1	139058
68.0419921875	0.0	trigger	1	139350
68.0419921875	0.0	trigger	1	139350
68.1845703125	0.0	trigger	1	139642
68.1845703125	0.0	trigger	1	139642
68.3271484375	0.0	trigger	1	139934
68.3271484375	0.0	trigger	1	139934
68.4697265625	0.0	trigger	1	140226
68.4697265625	0.0	trigger	1	140226
68.61279296875	0.0	trigger	1	140519
68.61279296875	0.0	trigger	1	140519
68.75537109375	0.0	trigger	1	140811
68.75537109375	0.0	trigger	1	140811
68.89794921875	0.0	trigger	1	141103
68.89794921875	0.0	trigger	1	141103
69.04052734375	0.0	trigger	1	141395
69.04052734375	0.0	trigger	1	141395
69.18310546875	0.0	trigger	1	141687
69.18310546875	0.0	trigger	1	141687
69.32568359375	0.0	trigger	1	141979
69.32568359375	0.0	trigger	1	141979
69.46826171875	0.0	trigger	1	142271
69.46826171875	0.0	trigger	1	142271
69.61083984375	0.0	trigger	1	142563
69.61083984375	0.0	trigger	1	142563
69.75390625	0.0	trigger	1	142856
69.75390625	0.0	trigger	1	142856
69.896484375	0.0	trigger	1	143148
69.896484375	0.0	trigger	1	143148
70.0390625	0.0	trigger	1	143440
70.0390625	0.0	trigger	1	143440
70.181640625	0.0	trigger	1	143732
70.181640625	0.0	trigger	1	143732
70.32421875	0.0	trigger	1	144024
70.32421875	0.0	trigger	1	144024
70.466796875	0.0	trigger	1	144316
70.466796875	0.0	trigger	1	144316
70.609375	0.0	trigger	1	144608
70.609375	0.0	trigger	1	144608
70.75732421875	0.0	trigger	1	144911
70.75732421875	0.0	trigger	1	144911
70.89990234375	0.0	trigger	1	145203
70.89990234375	0.0	trigger	1	145203
71.04248046875	0.0	trigger	1	145495
71.04248046875	0.0	trigger	1	145495
71.18505859375	0.0	trigger	1	145787
71.18505859375	0.0	trigger	1	145787
71.32763671875	0.0	trigger	1	146079
71.32763671875	0.0	trigger	1	146079
71.47021484375	0.0	trigger	1	146371
71.47021484375	0.0	trigger	1	146371
71.61279296875	0.0	trigger	1	146663
71.61279296875	0.0	trigger	1	146663
71.75537109375	0.0	trigger	1	146955
71.75537109375	0.0	trigger	1	146955
71.89794921875	0.0	trigger	1	147247
71.89794921875	0.0	trigger	1	147247
72.041015625	0.0	trigger	1	147540
72.041015625	0.0	trigger	1	147540
72.18359375	0.0	trigger	1	147832
72.18359375	0.0	trigger	1	147832
72.326171875	0.0	trigger	1	148124
72.326171875	0.0	trigger	1	148124
72.46875	0.0	trigger	1	148416
72.46875	0.0	trigger	1	148416
72.611328125	0.0	trigger	1	148708
72.611328125	0.0	trigger	1	148708
72.75390625	0.0	trigger	1	149000
72.75390625	0.0	trigger	1	149000
72.896484375	0.0	trigger	1	149292
72.896484375	0.0	trigger	1	149292
73.0390625	0.0	trigger	1	149584
73.0390625	0.0	trigger	1	149584
73.18212890625	0.0	trigger	1	149877
73.18212890625	0.0	trigger	1	149877
73.32470703125	0.0	trigger	1	150169
73.32470703125	0.0	trigger	1	150169
73.46728515625	0.0	trigger	1	150461
73.46728515625	0.0	trigger	1	150461
73.60986328125	0.0	trigger	1	150753
73.60986328125	0.0	trigger	1	150753
73.75732421875	0.0	trigger	1	151055
73.75732421875	0.0	trigger	1	151055
73.89990234375	0.0	trigger	1	151347
73.89990234375	0.0	trigger	1	151347
74.04248046875	0.0	trigger	1	151639
74.04248046875	0.0	trigger	1	151639
74.185546875	0.0	trigger	1	151932
74.185546875	0.0	trigger	1	151932
74.328125	0.0	trigger	1	152224
74.328125	0.0	trigger	1	152224
74.470703125	0.0	trigger	1	152516
74.470703125	0.0	trigger	1	152516
74.61328125	0.0	trigger	1	152808
74.61328125	0.0	trigger	1	152808
74.755859375	0.0	trigger	1	153100
74.755859375	0.0	trigger	1	153100
74.8984375	0.0	trigger	1	153392
74.8984375	0.0	trigger	1	153392
75.041015625	0.0	trigger	1	153684
75.041015625	0.0	trigger	1	153684
75.18359375	0.0	trigger	1	153976
75.18359375	0.0	trigger	1	153976
75.326171875	0.0	trigger	1	154268
75.326171875	0.0	trigger	1	154268
75.46923828125	0.0	trigger	1	154561
75.46923828125	0.0	trigger	1	154561
75.61181640625	0.0	trigger	1	154853
75.61181640625	0.0	trigger	1	154853
75.75439453125	0.0	trigger	1	155145
75.75439453125	0.0	trigger	1	155145
75.89697265625	0.0	trigger	1	155437
75.89697265625	0.0	trigger	1	155437
76.03955078125	0.0	trigger	1	155729
76.03955078125	0.0	trigger	1	155729
76.18212890625	0.0	trigger	1	156021
76.18212890625	0.0	trigger	1	156021
76.32470703125	0.0	trigger	1	156313
76.32470703125	0.0	trigger	1	156313
76.46728515625	0.0	trigger	1	156605
76.46728515625	0.0	trigger	1	156605
76.6103515625	0.0	trigger	1	156898
76.6103515625	0.0	trigger	1	156898
76.7578125	0.0	trigger	1	157200
76.7578125	0.0	trigger	1	157200
76.900390625	0.0	trigger	1	157492
76.900390625	0.0	trigger	1	157492
77.04296875	0.0	trigger	1	157784
77.04296875	0.0	trigger	1	157784
77.185546875	0.0	trigger	1	158076
77.185546875	0.0	trigger	1	158076
77.328125	0.0	trigger	1	158368
77.328125	0.0	trigger	1	158368
77.470703125	0.0	trigger	1	158660
77.470703125	0.0	trigger	1	158660
77.61328125	0.0	trigger	1	158952
77.61328125	0.0	trigger	1	158952
77.75634765625	0.0	trigger	1	159245
77.75634765625	0.0	trigger	1	159245
77.89892578125	0.0	trigger	1	159537
77.89892578125	0.0	trigger	1	159537
78.04150390625	0.0	trigger	1	159829
78.04150390625	0.0	trigger	1	159829
78.18408203125	0.0	trigger	1	160121
78.18408203125	0.0	trigger	1	160121
78.32666015625	0.0	trigger	1	160413
78.32666015625	0.0	trigger	1	160413
78.46923828125	0.0	trigger	1	160705
78.46923828125	0.0	trigger	1	160705
78.61181640625	0.0	trigger	1	160997
78.61181640625	0.0	trigger	1	160997
78.75439453125	0.0	trigger	1	161289
78.75439453125	0.0	trigger	1	161289
78.8974609375	0.0	trigger	1	161582
78.8974609375	0.0	trigger	1	161582
79.0400390625	0.0	trigger	1	161874
79.0400390625	0.0	trigger	1	161874
79.1826171875	0.0	trigger	1	162166
79.1826171875	0.0	trigger	1	162166
79.3251953125	0.0	trigger	1	162458
79.3251953125	0.0	trigger	1	162458
79.4677734375	0.0	trigger	1	162750
79.4677734375	0.0	trigger	1	162750
79.6103515625	0.0	trigger	1	163042
79.6103515625	0.0	trigger	1	163042
79.7578125	0.0	trigger	1	163344
79.7578125	0.0	trigger	1	163344
79.90087890625	0.0	trigger	1	163637
79.90087890625	0.0	trigger	1	163637
80.04345703125	0.0	trigger	1	163929
80.04345703125	0.0	trigger	1	163929
80.18603515625	0.0	trigger	1	164221
80.18603515625	0.0	trigger	1	164221
80.32861328125	0.0	trigger	1	164513
80.32861328125	0.0	trigger	1	164513
80.47119140625	0.0	trigger	1	164805
80.47119140625	0.0	trigger	1	164805
80.61376953125	0.0	trigger	1	165097
80.61376953125	0.0	trigger	1	165097
80.75634765625	0.0	trigger	1	165389
80.75634765625	0.0	trigger	1	165389
80.89892578125	0.0	trigger	1	165681
80.89892578125	0.0	trigger	1	165681
81.04150390625	0.0	trigger	1	165973
81.04150390625	0.0	trigger	1	165973
81.1845703125	0.0	trigger	1	166266
81.1845703125	0.0	trigger	1	166266
81.3271484375	0.0	trigger	1	166558
81.3271484375	0.0	trigger	1	166558
81.4697265625	0.0	trigger	1	166850
81.4697265625	0.0	trigger	1	166850
81.6123046875	0.0	trigger	1	167142
81.6123046875	0.0	trigger	1	167142
81.7548828125	0.0	trigger	1	167434
81.7548828125	0.0	trigger	1	167434
81.8974609375	0.0	trigger	1	167726
81.8974609375	0.0	trigger	1	167726
82.0400390625	0.0	trigger	1	168018
82.0400390625	0.0	trigger	1	168018
82.1826171875	0.0	trigger	1	168310
82.1826171875	0.0	trigger	1	168310
82.32568359375	0.0	trigger	1	168603
82.32568359375	0.0	trigger	1	168603
82.46826171875	0.0	trigger	1	168895
82.46826171875	0.0	trigger	1	168895
82.61083984375	0.0	trigger	1	169187
82.61083984375	0.0	trigger	1	169187
82.75830078125	0.0	trigger	1	169489
82.75830078125	0.0	trigger	1	169489
82.90087890625	0.0	trigger	1	169781
82.90087890625	0.0	trigger	1	169781
83.04345703125	0.0	trigger	1	170073
83.04345703125	0.0	trigger	1	170073
83.18603515625	0.0	trigger	1	170365
83.18603515625	0.0	trigger	1	170365
83.3291015625	0.0	trigger	1	170658
83.3291015625	0.0	trigger	1	170658
83.4716796875	0.0	trigger	1	170950
83.4716796875	0.0	trigger	1	170950
83.6142578125	0.0	trigger	1	171242
83.6142578125	0.0	trigger	1	171242
83.7568359375	0.0	trigger	1	171534
83.7568359375	0.0	trigger	1	171534
83.8994140625	0.0	trigger	1	171826
83.8994140625	0.0	trigger	1	171826
84.0419921875	0.0	trigger	1	172118
84.0419921875	0.0	trigger	1	172118
84.1845703125	0.0	trigger	1	172410
84.1845703125	0.0	trigger	1	172410
84.3271484375	0.0	trigger	1	172702
84.3271484375	0.0	trigger	1	172702
84.4697265625	0.0	trigger	1	172994
84.4697265625	0.0	trigger	1	172994
84.61279296875	0.0	trigger	1	173287
84.61279296875	0.0	trigger	1	173287
84.75537109375	0.0	trigger	1	173579
84.75537109375	0.0	trigger	1	173579
84.89794921875	0.0	trigger	1	173871
84.89794921875	0.0	trigger	1	173871
85.04052734375	0.0	trigger	1	174163
85.04052734375	0.0	trigger	1	174163
85.18310546875	0.0	trigger	1	174455
85.18310546875	0.0	trigger	1	174455
85.32568359375	0.0	trigger	1	174747
85.32568359375	0.0	trigger	1	174747
85.46826171875	0.0	trigger	1	175039
85.46826171875	0.0	trigger	1	175039
85.61083984375	0.0	trigger	1	175331
85.61083984375	0.0	trigger	1	175331
85.7587890625	0.0	trigger	1	175634
85.7587890625	0.0	trigger	1	175634
85.9013671875	0.0	trigger	1	175926
85.9013671875	0.0	trigger	1	175926
86.0439453125	0.0	trigger	1	176218
86.0439453125	0.0	trigger	1	176218
86.1865234375	0.0	trigger	1	176510
86.1865234375	0.0	trigger	1	176510
86.3291015625	0.0	trigger	1	176802
86.3291015625	0.0	trigger	1	176802
86.4716796875	0.0	trigger	1	177094
86.4716796875	0.0	trigger	1	177094
86.6142578125	0.0	trigger	1	177386
86.6142578125	0.0	trigger	1	177386
86.7568359375	0.0	trigger	1	177678
86.7568359375	0.0	trigger	1	177678
86.89990234375	0.0	trigger	1	177971
86.89990234375	0.0	trigger	1	177971
87.04248046875	0.0	trigger	1	178263
87.04248046875	0.0	trigger	1	178263
87.18505859375	0.0	trigger	1	178555
87.18505859375	0.0	trigger	1	178555
87.32763671875	0.0	trigger	1	178847
87.32763671875	0.0	trigger	1	178847
87.47021484375	0.0	trigger	1	179139
87.47021484375	0.0	trigger	1	179139
87.61279296875	0.0	trigger	1	179431
87.61279296875	0.0	trigger	1	179431
87.75537109375	0.0	trigger	1	179723
87.75537109375	0.0	trigger	1	179723
87.89794921875	0.0	trigger	1	180015
87.89794921875	0.0	trigger	1	180015
88.041015625	0.0	trigger	1	180308
88.041015625	0.0	trigger	1	180308
88.18359375	0.0	trigger	1	180600
88.18359375	0.0	trigger	1	180600
88.326171875	0.0	trigger	1	180892
88.326171875	0.0	trigger	1	180892
88.46875	0.0	trigger	1	181184
88.46875	0.0	trigger	1	181184
88.611328125	0.0	trigger	1	181476
88.611328125	0.0	trigger	1	181476
88.7587890625	0.0	trigger	1	181778
88.7587890625	0.0	trigger	1	181778
88.9013671875	0.0	trigger	1	182070
88.9013671875	0.0	trigger	1	182070
89.04443359375	0.0	trigger	1	182363
89.04443359375	0.0	trigger	1	182363
89.18701171875	0.0	trigger	1	182655
89.18701171875	0.0	trigger	1	182655
89.32958984375	0.0	trigger	1	182947
89.32958984375	0.0	trigger	1	182947
89.47216796875	0.0	trigger	1	183239
89.47216796875	0.0	trigger	1	183239
89.61474609375	0.0	trigger	1	183531
89.61474609375	0.0	trigger	1	183531
89.75732421875	0.0	trigger	1	183823
89.75732421875	0.0	trigger	1	183823
89.89990234375	0.0	trigger	1	184115
89.89990234375	0.0	trigger	1	184115
90.04248046875	0.0	trigger	1	184407
90.04248046875	0.0	trigger	1	184407
90.18505859375	0.0	trigger	1	184699
90.18505859375	0.0	trigger	1	184699
90.328125	0.0	trigger	1	184992
90.328125	0.0	trigger	1	184992
90.470703125	0.0	trigger	1	185284
90.470703125	0.0	trigger	1	185284
90.61328125	0.0	trigger	1	185576
90.61328125	0.0	trigger	1	185576
90.755859375	0.0	trigger	1	185868
90.755859375	0.0	trigger	1	185868
90.8984375	0.0	trigger	1	186160
90.8984375	0.0	trigger	1	186160
91.041015625	0.0	trigger	1	186452
91.041015625	0.0	trigger	1	186452
91.18359375	0.0	trigger	1	186744
91.18359375	0.0	trigger	1	186744
91.326171875	0.0	trigger	1	187036
91.326171875	0.0	trigger	1	187036
91.46923828125	0.0	trigger	1	187329
91.46923828125	0.0	trigger	1	187329
91.61181640625	0.0	trigger	1	187621
91.61181640625	0.0	trigger	1	187621
91.75927734375	0.0	trigger	1	187923
91.75927734375	0.0	trigger	1	187923
91.90185546875	0.0	trigger	1	188215
91.90185546875	0.0	trigger	1	188215
92.04443359375	0.0	trigger	1	188507
92.04443359375	0.0	trigger	1	188507
92.18701171875	0.0	trigger	1	188799
92.18701171875	0.0	trigger	1	188799
92.32958984375	0.0	trigger	1	189091
92.32958984375	0.0	trigger	1	189091
92.47265625	0.0	trigger	1	189384
92.47265625	0.0	trigger	1	189384
92.615234375	0.0	trigger	1	189676
92.615234375	0.0	trigger	1	189676
92.7578125	0.0	trigger	1	189968
92.7578125	0.0	trigger	1	189968
92.900390625	0.0	trigger	1	190260
92.900390625	0.0	trigger	1	190260
93.04296875	0.0	trigger	1	190552
93.04296875	0.0	trigger	1	190552
93.185546875	0.0	trigger	1	190844
93.185546875	0.0	trigger	1	190844
93.328125	0.0	trigger	1	191136
93.328125	0.0	trigger	1	191136
93.470703125	0.0	trigger	1	191428
93.470703125	0.0	trigger	1	191428
93.61328125	0.0	trigger	1	191720
93.61328125	0.0	trigger	1	191720
93.75634765625	0.0	trigger	1	192013
93.75634765625	0.0	trigger	1	192013
93.89892578125	0.0	trigger	1	192305
93.89892578125	0.0	trigger	1	192305
94.04150390625	0.0	trigger	1	192597
94.04150390625	0.0	trigger	1	192597
94.18408203125	0.0	trigger	1	192889
94.18408203125	0.0	trigger	1	192889
94.32666015625	0.0	trigger	1	193181
94.32666015625	0.0	trigger	1	193181
94.46923828125	0.0	trigger	1	193473
94.46923828125	0.0	trigger	1	193473
94.61181640625	0.0	trigger	1	193765
94.61181640625	0.0	trigger	1	193765
94.759765625	0.0	trigger	1	194068
94.759765625	0.0	trigger	1	194068
94.90234375	0.0	trigger	1	194360
94.90234375	0.0	trigger	1	194360
95.044921875	0.0	trigger	1	194652
95.044921875	0.0	trigger	1	194652
95.1875	0.0	trigger	1	194944
95.1875	0.0	trigger	1	194944
95.330078125	0.0	trigger	1	195236
95.330078125	0.0	trigger	1	195236
95.47265625	0.0	trigger	1	195528
95.47265625	0.0	trigger	1	195528
95.615234375	0.0	trigger	1	195820
95.615234375	0.0	trigger	1	195820
95.7578125	0.0	trigger	1	196112
95.7578125	0.0	trigger	1	196112
95.900390625	0.0	trigger	1	196404
95.900390625	0.0	trigger	1	196404
96.04345703125	0.0	trigger	1	196697
96.04345703125	0.0	trigger	1	196697
96.18603515625	0.0	trigger	1	196989
96.18603515625	0.0	trigger	1	196989
96.32861328125	0.0	trigger	1	197281
96.32861328125	0.0	trigger	1	197281
96.47119140625	0.0	trigger	1	197573
96.47119140625	0.0	trigger	1	197573
96.61376953125	0.0	trigger	1	197865
96.61376953125	0.0	trigger	1	197865
96.75634765625	0.0	trigger	1	198157
96.75634765625	0.0	trigger	1	198157
96.89892578125	0.0	trigger	1	198449
96.89892578125	0.0	trigger	1	198449
97.04150390625	0.0	trigger	1	198741
97.04150390625	0.0	trigger	1	198741
97.1845703125	0.0	trigger	1	199034
97.1845703125	0.0	trigger	1	199034
97.3271484375	0.0	trigger	1	199326
97.3271484375	0.0	trigger	1	199326
97.4697265625	0.0	trigger	1	199618
97.4697265625	0.0	trigger	1	199618
97.6123046875	0.0	trigger	1	199910
97.6123046875	0.0	trigger	1	199910
97.759765625	0.0	trigger	1	200212
97.759765625	0.0	trigger	1	200212
97.90234375	0.0	trigger	1	200504
97.90234375	0.0	trigger	1	200504
98.044921875	0.0	trigger	1	200796
98.044921875	0.0	trigger	1	200796
98.18798828125	0.0	trigger	1	201089
98.18798828125	0.0	trigger	1	201089
98.33056640625	0.0	trigger	1	201381
98.33056640625	0.0	trigger	1	201381
98.47314453125	0.0	trigger	1	201673
98.47314453125	0.0	trigger	1	201673
98.61572265625	0.0	trigger	1	201965
98.61572265625	0.0	trigger	1	201965
98.75830078125	0.0	trigger	1	202257
98.75830078125	0.0	trigger	1	202257
98.90087890625	0.0	trigger	1	202549
98.90087890625	0.0	trigger	1	202549
99.04345703125	0.0	trigger	1	202841
99.04345703125	0.0	trigger	1	202841
99.18603515625	0.0	trigger	1	203133
99.18603515625	0.0	trigger	1	203133
99.32861328125	0.0	trigger	1	203425
99.32861328125	0.0	trigger	1	203425
99.4716796875	0.0	trigger	1	203718
99.4716796875	0.0	trigger	1	203718
99.6142578125	0.0	trigger	1	204010
99.6142578125	0.0	trigger	1	204010
99.7568359375	0.0	trigger	1	204302
99.7568359375	0.0	trigger	1	204302
99.8994140625	0.0	trigger	1	204594
99.8994140625	0.0	trigger	1	204594
100.0419921875	0.0	trigger	1	204886
100.0419921875	0.0	trigger	1	204886
100.1845703125	0.0	trigger	1	205178
100.1845703125	0.0	trigger	1	205178
100.3271484375	0.0	trigger	1	205470
100.3271484375	0.0	trigger	1	205470
100.4697265625	0.0	trigger	1	205762
100.4697265625	0.0	trigger	1	205762
100.61279296875	0.0	trigger	1	206055
100.61279296875	0.0	trigger	1	206055
100.76025390625	0.0	trigger	1	206357
100.76025390625	0.0	trigger	1	206357
100.90283203125	0.0	trigger	1	206649
100.90283203125	0.0	trigger	1	206649
101.04541015625	0.0	trigger	1	206941
101.04541015625	0.0	trigger	1	206941
101.18798828125	0.0	trigger	1	207233
101.18798828125	0.0	trigger	1	207233
101.33056640625	0.0	trigger	1	207525
101.33056640625	0.0	trigger	1	207525
101.47314453125	0.0	trigger	1	207817
101.47314453125	0.0	trigger	1	207817
101.6162109375	0.0	trigger	1	208110
101.6162109375	0.0	trigger	1	208110
101.7587890625	0.0	trigger	1	208402
101.7587890625	0.0	trigger	1	208402
101.9013671875	0.0	trigger	1	208694
101.9013671875	0.0	trigger	1	208694
102.0439453125	0.0	trigger	1	208986
102.0439453125	0.0	trigger	1	208986
102.1865234375	0.0	trigger	1	209278
102.1865234375	0.0	trigger	1	209278
102.3291015625	0.0	trigger	1	209570
102.3291015625	0.0	trigger	1	209570
102.4716796875	0.0	trigger	1	209862
102.4716796875	0.0	trigger	1	209862
102.6142578125	0.0	trigger	1	210154
102.6142578125	0.0	trigger	1	210154
102.7568359375	0.0	trigger	1	210446
102.7568359375	0.0	trigger	1	210446
102.89990234375	0.0	trigger	1	210739
102.89990234375	0.0	trigger	1	210739
103.04248046875	0.0	trigger	1	211031
103.04248046875	0.0	trigger	1	211031
103.18505859375	0.0	trigger	1	211323
103.18505859375	0.0	trigger	1	211323
103.32763671875	0.0	trigger	1	211615
103.32763671875	0.0	trigger	1	211615
103.47021484375	0.0	trigger	1	211907
103.47021484375	0.0	trigger	1	211907
103.61279296875	0.0	trigger	1	212199
103.61279296875	0.0	trigger	1	212199
103.76025390625	0.0	trigger	1	212501
103.76025390625	0.0	trigger	1	212501
103.9033203125	0.0	trigger	1	212794
103.9033203125	0.0	trigger	1	212794
104.0458984375	0.0	trigger	1	213086
104.0458984375	0.0	trigger	1	213086
104.1884765625	0.0	trigger	1	213378
104.1884765625	0.0	trigger	1	213378
104.3310546875	0.0	trigger	1	213670
104.3310546875	0.0	trigger	1	213670
104.4736328125	0.0	trigger	1	213962
104.4736328125	0.0	trigger	1	213962
104.6162109375	0.0	trigger	1	214254
104.6162109375	0.0	trigger	1	214254
104.7587890625	0.0	trigger	1	214546
104.7587890625	0.0	trigger	1	214546
104.9013671875	0.0	trigger	1	214838
104.9013671875	0.0	trigger	1	214838
105.0439453125	0.0	trigger	1	215130
105.0439453125	0.0	trigger	1	215130
105.18701171875	0.0	trigger	1	215423
105.18701171875	0.0	trigger	1	215423
105.32958984375	0.0	trigger	1	215715
105.32958984375	0.0	trigger	1	215715
105.47216796875	0.0	trigger	1	216007
105.47216796875	0.0	trigger	1	216007
105.61474609375	0.0	trigger	1	216299
105.61474609375	0.0	trigger	1	216299
105.75732421875	0.0	trigger	1	216591
105.75732421875	0.0	trigger	1	216591
105.89990234375	0.0	trigger	1	216883
105.89990234375	0.0	trigger	1	216883
106.04248046875	0.0	trigger	1	217175
106.04248046875	0.0	trigger	1	217175
106.18505859375	0.0	trigger	1	217467
106.18505859375	0.0	trigger	1	217467
106.328125	0.0	trigger	1	217760
106.328125	0.0	trigger	1	217760
106.470703125	0.0	trigger	1	218052
106.470703125	0.0	trigger	1	218052
106.61328125	0.0	trigger	1	218344
106.61328125	0.0	trigger	1	218344
106.7607421875	0.0	trigger	1	218646
106.7607421875	0.0	trigger	1	218646
106.9033203125	0.0	trigger	1	218938
106.9033203125	0.0	trigger	1	218938
107.0458984375	0.0	trigger	1	219230
107.0458984375	0.0	trigger	1	219230
107.1884765625	0.0	trigger	1	219522
107.1884765625	0.0	trigger	1	219522
107.33154296875	0.0	trigger	1	219815
107.33154296875	0.0	trigger	1	219815
107.47412109375	0.0	trigger	1	220107
107.47412109375	0.0	trigger	1	220107
107.61669921875	0.0	trigger	1	220399
107.61669921875	0.0	trigger	1	220399
107.75927734375	0.0	trigger	1	220691
107.75927734375	0.0	trigger	1	220691
107.90185546875	0.0	trigger	1	220983
107.90185546875	0.0	trigger	1	220983
108.04443359375	0.0	trigger	1	221275
108.04443359375	0.0	trigger	1	221275
108.18701171875	0.0	trigger	1	221567
108.18701171875	0.0	trigger	1	221567
108.32958984375	0.0	trigger	1	221859
108.32958984375	0.0	trigger	1	221859
108.47216796875	0.0	trigger	1	222151
108.47216796875	0.0	trigger	1	222151
108.615234375	0.0	trigger	1	222444
108.615234375	0.0	trigger	1	222444
108.7578125	0.0	trigger	1	222736
108.7578125	0.0	trigger	1	222736
108.900390625	0.0	trigger	1	223028
108.900390625	0.0	trigger	1	223028
109.04296875	0.0	trigger	1	223320
109.04296875	0.0	trigger	1	223320
109.185546875	0.0	trigger	1	223612
109.185546875	0.0	trigger	1	223612
109.328125	0.0	trigger	1	223904
109.328125	0.0	trigger	1	223904
109.470703125	0.0	trigger	1	224196
109.470703125	0.0	trigger	1	224196
109.61328125	0.0	trigger	1	224488
109.61328125	0.0	trigger	1	224488
109.76123046875	0.0	trigger	1	224791
109.76123046875	0.0	trigger	1	224791
109.90380859375	0.0	trigger	1	225083
109.90380859375	0.0	trigger	1	225083
110.04638671875	0.0	trigger	1	225375
110.04638671875	0.0	trigger	1	225375
110.18896484375	0.0	trigger	1	225667
110.18896484375	0.0	trigger	1	225667
110.33154296875	0.0	trigger	1	225959
110.33154296875	0.0	trigger	1	225959
110.47412109375	0.0	trigger	1	226251
110.47412109375	0.0	trigger	1	226251
110.61669921875	0.0	trigger	1	226543
110.61669921875	0.0	trigger	1	226543
110.75927734375	0.0	trigger	1	226835
110.75927734375	0.0	trigger	1	226835
110.90234375	0.0	trigger	1	227128
110.90234375	0.0	trigger	1	227128
111.044921875	0.0	trigger	1	227420
111.044921875	0.0	trigger	1	227420
111.1875	0.0	trigger	1	227712
111.1875	0.0	trigger	1	227712
111.330078125	0.0	trigger	1	228004
111.330078125	0.0	trigger	1	228004
111.47265625	0.0	trigger	1	228296
111.47265625	0.0	trigger	1	228296
111.615234375	0.0	trigger	1	228588
111.615234375	0.0	trigger	1	228588
111.7578125	0.0	trigger	1	228880
111.7578125	0.0	trigger	1	228880
111.900390625	0.0	trigger	1	229172
111.900390625	0.0	trigger	1	229172
112.04345703125	0.0	trigger	1	229465
112.04345703125	0.0	trigger	1	229465
112.18603515625	0.0	trigger	1	229757
112.18603515625	0.0	trigger	1	229757
112.32861328125	0.0	trigger	1	230049
112.32861328125	0.0	trigger	1	230049
112.47119140625	0.0	trigger	1	230341
112.47119140625	0.0	trigger	1	230341
112.61376953125	0.0	trigger	1	230633
112.61376953125	0.0	trigger	1	230633
112.76123046875	0.0	trigger	1	230935
112.76123046875	0.0	trigger	1	230935
112.90380859375	0.0	trigger	1	231227
112.90380859375	0.0	trigger	1	231227
113.046875	0.0	trigger	1	231520
113.046875	0.0	trigger	1	231520
113.189453125	0.0	trigger	1	231812
113.189453125	0.0	trigger	1	231812
113.33203125	0.0	trigger	1	232104
113.33203125	0.0	trigger	1	232104
113.474609375	0.0	trigger	1	232396
113.474609375	0.0	trigger	1	232396
113.6171875	0.0	trigger	1	232688
113.6171875	0.0	trigger	1	232688
113.759765625	0.0	trigger	1	232980
113.759765625	0.0	trigger	1	232980
113.90234375	0.0	trigger	1	233272
113.90234375	0.0	trigger	1	233272
114.044921875	0.0	trigger	1	233564
114.044921875	0.0	trigger	1	233564
114.1875	0.0	trigger	1	233856
114.1875	0.0	trigger	1	233856
114.33056640625	0.0	trigger	1	234149
114.33056640625	0.0	trigger	1	234149
114.47314453125	0.0	trigger	1	234441
114.47314453125	0.0	trigger	1	234441
114.61572265625	0.0	trigger	1	234733
114.61572265625	0.0	trigger	1	234733
114.75830078125	0.0	trigger	1	235025
114.75830078125	0.0	trigger	1	235025
114.90087890625	0.0	trigger	1	235317
114.90087890625	0.0	trigger	1	235317
115.04345703125	0.0	trigger	1	235609
115.04345703125	0.0	trigger	1	235609
115.18603515625	0.0	trigger	1	235901
115.18603515625	0.0	trigger	1	235901
115.32861328125	0.0	trigger	1	236193
115.32861328125	0.0	trigger	1	236193
115.4716796875	0.0	trigger	1	236486
115.4716796875	0.0	trigger	1	236486
115.6142578125	0.0	trigger	1	236778
115.6142578125	0.0	trigger	1	236778
115.76171875	0.0	trigger	1	237080
115.76171875	0.0	trigger	1	237080
115.904296875	0.0	trigger	1	237372
115.904296875	0.0	trigger	1	237372
116.046875	0.0	trigger	1	237664
116.046875	0.0	trigger	1	237664
116.189453125	0.0	trigger	1	237956
116.189453125	0.0	trigger	1	237956
116.33203125	0.0	trigger	1	238248
116.33203125	0.0	trigger	1	238248
116.47509765625	0.0	trigger	1	238541
116.47509765625	0.0	trigger	1	238541
116.61767578125	0.0	trigger	1	238833
116.61767578125	0.0	trigger	1	238833
116.76025390625	0.0	trigger	1	239125
116.76025390625	0.0	trigger	1	239125
116.90283203125	0.0	trigger	1	239417
116.90283203125	0.0	trigger	1	239417
117.04541015625	0.0	trigger	1	239709
117.04541015625	0.0	trigger	1	239709
117.18798828125	0.0	trigger	1	240001
117.18798828125	0.0	trigger	1	240001
117.33056640625	0.0	trigger	1	240293
117.33056640625	0.0	trigger	1	240293
117.47314453125	0.0	trigger	1	240585
117.47314453125	0.0	trigger	1	240585
117.61572265625	0.0	trigger	1	240877
117.61572265625	0.0	trigger	1	240877
117.7587890625	0.0	trigger	1	241170
117.7587890625	0.0	trigger	1	241170
117.9013671875	0.0	trigger	1	241462
117.9013671875	0.0	trigger	1	241462
118.0439453125	0.0	trigger	1	241754
118.0439453125	0.0	trigger	1	241754
118.1865234375	0.0	trigger	1	242046
118.1865234375	0.0	trigger	1	242046
118.3291015625	0.0	trigger	1	242338
118.3291015625	0.0	trigger	1	242338
118.4716796875	0.0	trigger	1	242630
118.4716796875	0.0	trigger	1	242630
118.6142578125	0.0	trigger	1	242922
118.6142578125	0.0	trigger	1	242922
118.76220703125	0.0	trigger	1	243225
118.76220703125	0.0	trigger	1	243225
118.90478515625	0.0	trigger	1	243517
118.90478515625	0.0	trigger	1	243517
119.04736328125	0.0	trigger	1	243809
119.04736328125	0.0	trigger	1	243809
119.18994140625	0.0	trigger	1	244101
119.18994140625	0.0	trigger	1	244101
119.33251953125	0.0	trigger	1	244393
119.33251953125	0.0	trigger	1	244393
119.47509765625	0.0	trigger	1	244685
119.47509765625	0.0	trigger	1	244685
119.61767578125	0.0	trigger	1	244977
119.61767578125	0.0	trigger	1	244977
119.76025390625	0.0	trigger	1	245269
119.76025390625	0.0	trigger	1	245269
119.9033203125	0.0	trigger	1	245562
119.9033203125	0.0	trigger	1	245562
120.0458984375	0.0	trigger	1	245854
120.0458984375	0.0	trigger	1	245854
120.1884765625	0.0	trigger	1	246146
120.1884765625	0.0	trigger	1	246146
120.3310546875	0.0	trigger	1	246438
120.3310546875	0.0	trigger	1	246438
120.4736328125	0.0	trigger	1	246730
120.4736328125	0.0	trigger	1	246730
120.6162109375	0.0	trigger	1	247022
120.6162109375	0.0	trigger	1	247022
120.7587890625	0.0	trigger	1	247314
120.7587890625	0.0	trigger	1	247314
120.9013671875	0.0	trigger	1	247606
120.9013671875	0.0	trigger	1	247606
121.0439453125	0.0	trigger	1	247898
121.0439453125	0.0	trigger	1	247898
121.18701171875	0.0	trigger	1	248191
121.18701171875	0.0	trigger	1	248191
121.32958984375	0.0	trigger	1	248483
121.32958984375	0.0	trigger	1	248483
121.47216796875	0.0	trigger	1	248775
121.47216796875	0.0	trigger	1	248775
121.61474609375	0.0	trigger	1	249067
121.61474609375	0.0	trigger	1	249067
121.76220703125	0.0	trigger	1	249369
121.76220703125	0.0	trigger	1	249369
121.90478515625	0.0	trigger	1	249661
121.90478515625	0.0	trigger	1	249661
122.04736328125	0.0	trigger	1	249953
122.04736328125	0.0	trigger	1	249953
122.1904296875	0.0	trigger	1	250246
122.1904296875	0.0	trigger	1	250246
122.3330078125	0.0	trigger	1	250538
122.3330078125	0.0	trigger	1	250538
122.4755859375	0.0	trigger	1	250830
122.4755859375	0.0	trigger	1	250830
122.6181640625	0.0	trigger	1	251122
122.6181640625	0.0	trigger	1	251122
122.7607421875	0.0	trigger	1	251414
122.7607421875	0.0	trigger	1	251414
122.9033203125	0.0	trigger	1	251706
122.9033203125	0.0	trigger	1	251706
123.0458984375	0.0	trigger	1	251998
123.0458984375	0.0	trigger	1	251998
123.1884765625	0.0	trigger	1	252290
123.1884765625	0.0	trigger	1	252290
123.3310546875	0.0	trigger	1	252582
123.3310546875	0.0	trigger	1	252582
123.47412109375	0.0	trigger	1	252875
123.47412109375	0.0	trigger	1	252875
123.61669921875	0.0	trigger	1	253167
123.61669921875	0.0	trigger	1	253167
123.75927734375	0.0	trigger	1	253459
123.75927734375	0.0	trigger	1	253459
123.90185546875	0.0	trigger	1	253751
123.90185546875	0.0	trigger	1	253751
124.04443359375	0.0	trigger	1	254043
124.04443359375	0.0	trigger	1	254043
124.18701171875	0.0	trigger	1	254335
124.18701171875	0.0	trigger	1	254335
124.32958984375	0.0	trigger	1	254627
124.32958984375	0.0	trigger	1	254627
124.47216796875	0.0	trigger	1	254919
124.47216796875	0.0	trigger	1	254919
124.61474609375	0.0	trigger	1	255211
124.61474609375	0.0	trigger	1	255211
124.7626953125	0.0	trigger	1	255514
124.7626953125	0.0	trigger	1	255514
124.9052734375	0.0	trigger	1	255806
124.9052734375	0.0	trigger	1	255806
125.0478515625	0.0	trigger	1	256098
125.0478515625	0.0	trigger	1	256098
125.1904296875	0.0	trigger	1	256390
125.1904296875	0.0	trigger	1	256390
125.3330078125	0.0	trigger	1	256682
125.3330078125	0.0	trigger	1	256682
125.4755859375	0.0	trigger	1	256974
125.4755859375	0.0	trigger	1	256974
125.6181640625	0.0	trigger	1	257266
125.6181640625	0.0	trigger	1	257266
125.76123046875	0.0	trigger	1	257559
125.76123046875	0.0	trigger	1	257559
125.90380859375	0.0	trigger	1	257851
125.90380859375	0.0	trigger	1	257851
126.04638671875	0.0	trigger	1	258143
126.04638671875	0.0	trigger	1	258143
126.18896484375	0.0	trigger	1	258435
126.18896484375	0.0	trigger	1	258435
126.33154296875	0.0	trigger	1	258727
126.33154296875	0.0	trigger	1	258727
126.47412109375	0.0	trigger	1	259019
126.47412109375	0.0	trigger	1	259019
126.61669921875	0.0	trigger	1	259311
126.61669921875	0.0	trigger	1	259311
126.75927734375	0.0	trigger	1	259603
126.75927734375	0.0	trigger	1	259603
126.90234375	0.0	trigger	1	259896
126.90234375	0.0	trigger	1	259896
127.044921875	0.0	trigger	1	260188
127.044921875	0.0	trigger	1	260188
127.1875	0.0	trigger	1	260480
127.1875	0.0	trigger	1	260480
127.330078125	0.0	trigger	1	260772
127.330078125	0.0	trigger	1	260772
127.47265625	0.0	trigger	1	261064
127.47265625	0.0	trigger	1	261064
127.615234375	0.0	trigger	1	261356
127.615234375	0.0	trigger	1	261356
127.7626953125	0.0	trigger	1	261658
127.7626953125	0.0	trigger	1	261658
127.90576171875	0.0	trigger	1	261951
127.90576171875	0.0	trigger	1	261951
128.04833984375	0.0	trigger	1	262243
128.04833984375	0.0	trigger	1	262243
128.19091796875	0.0	trigger	1	262535
128.19091796875	0.0	trigger	1	262535
128.33349609375	0.0	trigger	1	262827
128.33349609375	0.0	trigger	1	262827
128.47607421875	0.0	trigger	1	263119
128.47607421875	0.0	trigger	1	263119
128.61865234375	0.0	trigger	1	263411
128.61865234375	0.0	trigger	1	263411
128.76123046875	0.0	trigger	1	263703
128.76123046875	0.0	trigger	1	263703
128.90380859375	0.0	trigger	1	263995
128.90380859375	0.0	trigger	1	263995
129.04638671875	0.0	trigger	1	264287
129.04638671875	0.0	trigger	1	264287
129.189453125	0.0	trigger	1	264580
129.189453125	0.0	trigger	1	264580
129.33203125	0.0	trigger	1	264872
129.33203125	0.0	trigger	1	264872
129.474609375	0.0	trigger	1	265164
129.474609375	0.0	trigger	1	265164
129.6171875	0.0	trigger	1	265456
129.6171875	0.0	trigger	1	265456
129.759765625	0.0	trigger	1	265748
129.759765625	0.0	trigger	1	265748
129.90234375	0.0	trigger	1	266040
129.90234375	0.0	trigger	1	266040
130.044921875	0.0	trigger	1	266332
130.044921875	0.0	trigger	1	266332
130.1875	0.0	trigger	1	266624
130.1875	0.0	trigger	1	266624
130.33056640625	0.0	trigger	1	266917
130.33056640625	0.0	trigger	1	266917
130.47314453125	0.0	trigger	1	267209
130.47314453125	0.0	trigger	1	267209
130.61572265625	0.0	trigger	1	267501
130.61572265625	0.0	trigger	1	267501
130.76318359375	0.0	trigger	1	267803
130.76318359375	0.0	trigger	1	267803
130.90576171875	0.0	trigger	1	268095
130.90576171875	0.0	trigger	1	268095
131.04833984375	0.0	trigger	1	268387
131.04833984375	0.0	trigger	1	268387
131.19091796875	0.0	trigger	1	268679
131.19091796875	0.0	trigger	1	268679
131.333984375	0.0	trigger	1	268972
131.333984375	0.0	trigger	1	268972
131.4765625	0.0	trigger	1	269264
131.4765625	0.0	trigger	1	269264
131.619140625	0.0	trigger	1	269556
131.619140625	0.0	trigger	1	269556
131.76171875	0.0	trigger	1	269848
131.76171875	0.0	trigger	1	269848
131.904296875	0.0	trigger	1	270140
131.904296875	0.0	trigger	1	270140
132.046875	0.0	trigger	1	270432
132.046875	0.0	trigger	1	270432
132.189453125	0.0	trigger	1	270724
132.189453125	0.0	trigger	1	270724
132.33203125	0.0	trigger	1	271016
132.33203125	0.0	trigger	1	271016
132.474609375	0.0	trigger	1	271308
132.474609375	0.0	trigger	1	271308
132.61767578125	0.0	trigger	1	271601
132.61767578125	0.0	trigger	1	271601
132.76025390625	0.0	trigger	1	271893
132.76025390625	0.0	trigger	1	271893
132.90283203125	0.0	trigger	1	272185
132.90283203125	0.0	trigger	1	272185
133.04541015625	0.0	trigger	1	272477
133.04541015625	0.0	trigger	1	272477
133.18798828125	0.0	trigger	1	272769
133.18798828125	0.0	trigger	1	272769
133.33056640625	0.0	trigger	1	273061
133.33056640625	0.0	trigger	1	273061
133.47314453125	0.0	trigger	1	273353
133.47314453125	0.0	trigger	1	273353
133.61572265625	0.0	trigger	1	273645
133.61572265625	0.0	trigger	1	273645
133.763671875	0.0	trigger	1	273948
133.763671875	0.0	trigger	1	273948
133.90625	0.0	trigger	1	274240
133.90625	0.0	trigger	1	274240
134.048828125	0.0	trigger	1	274532
134.048828125	0.0	trigger	1	274532
134.19140625	0.0	trigger	1	274824
134.19140625	0.0	trigger	1	274824
134.333984375	0.0	trigger	1	275116
134.333984375	0.0	trigger	1	275116
134.4765625	0.0	trigger	1	275408
134.4765625	0.0	trigger	1	275408
134.619140625	0.0	trigger	1	275700
134.619140625	0.0	trigger	1	275700
134.76171875	0.0	trigger	1	275992
134.76171875	0.0	trigger	1	275992
134.90478515625	0.0	trigger	1	276285
134.90478515625	0.0	trigger	1	276285
135.04736328125	0.0	trigger	1	276577
135.04736328125	0.0	trigger	1	276577
135.18994140625	0.0	trigger	1	276869
135.18994140625	0.0	trigger	1	276869
135.33251953125	0.0	trigger	1	277161
135.33251953125	0.0	trigger	1	277161
135.47509765625	0.0	trigger	1	277453
135.47509765625	0.0	trigger	1	277453
135.61767578125	0.0	trigger	1	277745
135.61767578125	0.0	trigger	1	277745
135.76025390625	0.0	trigger	1	278037
135.76025390625	0.0	trigger	1	278037
135.90283203125	0.0	trigger	1	278329
135.90283203125	0.0	trigger	1	278329
136.0458984375	0.0	trigger	1	278622
136.0458984375	0.0	trigger	1	278622
136.1884765625	0.0	trigger	1	278914
136.1884765625	0.0	trigger	1	278914
136.3310546875	0.0	trigger	1	279206
136.3310546875	0.0	trigger	1	279206
136.4736328125	0.0	trigger	1	279498
136.4736328125	0.0	trigger	1	279498
136.6162109375	0.0	trigger	1	279790
136.6162109375	0.0	trigger	1	279790
136.763671875	0.0	trigger	1	280092
136.763671875	0.0	trigger	1	280092
136.90625	0.0	trigger	1	280384
136.90625	0.0	trigger	1	280384
137.04931640625	0.0	trigger	1	280677
137.04931640625	0.0	trigger	1	280677
137.19189453125	0.0	trigger	1	280969
137.19189453125	0.0	trigger	1	280969
137.33447265625	0.0	trigger	1	281261
137.33447265625	0.0	trigger	1	281261
137.47705078125	0.0	trigger	1	281553
137.47705078125	0.0	trigger	1	281553
137.61962890625	0.0	trigger	1	281845
137.61962890625	0.0	trigger	1	281845
137.76220703125	0.0	trigger	1	282137
137.76220703125	0.0	trigger	1	282137
137.90478515625	0.0	trigger	1	282429
137.90478515625	0.0	trigger	1	282429
138.04736328125	0.0	trigger	1	282721
138.04736328125	0.0	trigger	1	282721
138.1904296875	0.0	trigger	1	283014
138.1904296875	0.0	trigger	1	283014
138.3330078125	0.0	trigger	1	283306
138.3330078125	0.0	trigger	1	283306
138.4755859375	0.0	trigger	1	283598
138.4755859375	0.0	trigger	1	283598
138.6181640625	0.0	trigger	1	283890
138.6181640625	0.0	trigger	1	283890
138.7607421875	0.0	trigger	1	284182
138.7607421875	0.0	trigger	1	284182
138.9033203125	0.0	trigger	1	284474
138.9033203125	0.0	trigger	1	284474
139.0458984375	0.0	trigger	1	284766
139.0458984375	0.0	trigger	1	284766
139.1884765625	0.0	trigger	1	285058
139.1884765625	0.0	trigger	1	285058
139.3310546875	0.0	trigger	1	285350
139.3310546875	0.0	trigger	1	285350
139.47412109375	0.0	trigger	1	285643
139.47412109375	0.0	trigger	1	285643
139.61669921875	0.0	trigger	1	285935
139.61669921875	0.0	trigger	1	285935
139.76416015625	0.0	trigger	1	286237
139.76416015625	0.0	trigger	1	286237
139.90673828125	0.0	trigger	1	286529
139.90673828125	0.0	trigger	1	286529
140.04931640625	0.0	trigger	1	286821
140.04931640625	0.0	trigger	1	286821
140.19189453125	0.0	trigger	1	287113
140.19189453125	0.0	trigger	1	287113
140.33447265625	0.0	trigger	1	287405
140.33447265625	0.0	trigger	1	287405
140.4775390625	0.0	trigger	1	287698
140.4775390625	0.0	trigger	1	287698
140.6201171875	0.0	trigger	1	287990
140.6201171875	0.0	trigger	1	287990
140.7626953125	0.0	trigger	1	288282
140.7626953125	0.0	trigger	1	288282
140.9052734375	0.0	trigger	1	288574
140.9052734375	0.0	trigger	1	288574
141.0478515625	0.0	trigger	1	288866
141.0478515625	0.0	trigger	1	288866
141.1904296875	0.0	trigger	1	289158
141.1904296875	0.0	trigger	1	289158
141.3330078125	0.0	trigger	1	289450
141.3330078125	0.0	trigger	1	289450
141.4755859375	0.0	trigger	1	289742
141.4755859375	0.0	trigger	1	289742
141.6181640625	0.0	trigger	1	290034
141.6181640625	0.0	trigger	1	290034
141.76123046875	0.0	trigger	1	290327
141.76123046875	0.0	trigger	1	290327
141.90380859375	0.0	trigger	1	290619
141.90380859375	0.0	trigger	1	290619
142.04638671875	0.0	trigger	1	290911
142.04638671875	0.0	trigger	1	290911
142.18896484375	0.0	trigger	1	291203
142.18896484375	0.0	trigger	1	291203
142.33154296875	0.0	trigger	1	291495
142.33154296875	0.0	trigger	1	291495
142.47412109375	0.0	trigger	1	291787
142.47412109375	0.0	trigger	1	291787
142.61669921875	0.0	trigger	1	292079
142.61669921875	0.0	trigger	1	292079
142.7646484375	0.0	trigger	1	292382
142.7646484375	0.0	trigger	1	292382
142.9072265625	0.0	trigger	1	292674
142.9072265625	0.0	trigger	1	292674
143.0498046875	0.0	trigger	1	292966
143.0498046875	0.0	trigger	1	292966
143.1923828125	0.0	trigger	1	293258
143.1923828125	0.0	trigger	1	293258
143.3349609375	0.0	trigger	1	293550
143.3349609375	0.0	trigger	1	293550
143.4775390625	0.0	trigger	1	293842
143.4775390625	0.0	trigger	1	293842
143.6201171875	0.0	trigger	1	294134
143.6201171875	0.0	trigger	1	294134
143.7626953125	0.0	trigger	1	294426
143.7626953125	0.0	trigger	1	294426
143.9052734375	0.0	trigger	1	294718
143.9052734375	0.0	trigger	1	294718
144.04833984375	0.0	trigger	1	295011
144.04833984375	0.0	trigger	1	295011
144.19091796875	0.0	trigger	1	295303
144.19091796875	0.0	trigger	1	295303
144.33349609375	0.0	trigger	1	295595
144.33349609375	0.0	trigger	1	295595
144.47607421875	0.0	trigger	1	295887
144.47607421875	0.0	trigger	1	295887
144.61865234375	0.0	trigger	1	296179
144.61865234375	0.0	trigger	1	296179
144.76123046875	0.0	trigger	1	296471
144.76123046875	0.0	trigger	1	296471
144.90380859375	0.0	trigger	1	296763
144.90380859375	0.0	trigger	1	296763
145.04638671875	0.0	trigger	1	297055
145.04638671875	0.0	trigger	1	297055
145.189453125	0.0	trigger	1	297348
145.189453125	0.0	trigger	1	297348
145.33203125	0.0	trigger	1	297640
145.33203125	0.0	trigger	1	297640
145.474609375	0.0	trigger	1	297932
145.474609375	0.0	trigger	1	297932
145.6171875	0.0	trigger	1	298224
145.6171875	0.0	trigger	1	298224
145.7646484375	0.0	trigger	1	298526
145.7646484375	0.0	trigger	1	298526
145.9072265625	0.0	trigger	1	298818
145.9072265625	0.0	trigger	1	298818
146.0498046875	0.0	trigger	1	299110
146.0498046875	0.0	trigger	1	299110
146.19287109375	0.0	trigger	1	299403
146.19287109375	0.0	trigger	1	299403
146.33544921875	0.0	trigger	1	299695
146.33544921875	0.0	trigger	1	299695
146.47802734375	0.0	trigger	1	299987
146.47802734375	0.0	trigger	1	299987
146.62060546875	0.0	trigger	1	300279
146.62060546875	0.0	trigger	1	300279
146.76318359375	0.0	trigger	1	300571
146.76318359375	0.0	trigger	1	300571
146.90576171875	0.0	trigger	1	300863
146.90576171875	0.0	trigger	1	300863
147.04833984375	0.0	trigger	1	301155
147.04833984375	0.0	trigger	1	301155
147.19091796875	0.0	trigger	1	301447
147.19091796875	0.0	trigger	1	301447
147.33349609375	0.0	trigger	1	301739
147.33349609375	0.0	trigger	1	301739
147.4765625	0.0	trigger	1	302032
147.4765625	0.0	trigger	1	302032
147.619140625	0.0	trigger	1	302324
147.619140625	0.0	trigger	1	302324
147.76171875	0.0	trigger	1	302616
147.76171875	0.0	trigger	1	302616
147.904296875	0.0	trigger	1	302908
147.904296875	0.0	trigger	1	302908
148.046875	0.0	trigger	1	303200
148.046875	0.0	trigger	1	303200
148.189453125	0.0	trigger	1	303492
148.189453125	0.0	trigger	1	303492
148.33203125	0.0	trigger	1	303784
148.33203125	0.0	trigger	1	303784
148.474609375	0.0	trigger	1	304076
148.474609375	0.0	trigger	1	304076
148.6171875	0.0	trigger	1	304368
148.6171875	0.0	trigger	1	304368
