checkpoint,family,ga_rest_uv,hinweis,kapazitaet,lr,naht_ratio,pipeline_device,pipeline_s,rms_uv,seed,si_sdr,status,tag,train_s,val_loss,x_farm
grids/run8/nested_gan/lr0.00015_ch32_sisdr0_s42/grid_nested_gan_lr0.00015_ch32_sisdr0_s42_20260912_175729/checkpoints/epoch0080_val_loss0.1165.pt,Nested GAN,1.158,,32,0.00015,1.2455,,600.4,26.3277,42,0.0,ok,lr0.00015_ch32_sisdr0_s42,1146.4,0.1165,4.67
grids/run8/nested_gan/lr0.00015_ch32_sisdr1_s42/grid_nested_gan_lr0.00015_ch32_sisdr1_s42_20260912_182649/checkpoints/epoch0080_val_loss-0.6612.pt,Nested GAN,2.303,,32,0.00015,1.1338,,593.0,25.6761,42,1.0,ok,lr0.00015_ch32_sisdr1_s42,1165.5,-0.6612,9.29
grids/run8/nested_gan/lr0.00015_ch32_sisdr3_s42/grid_nested_gan_lr0.00015_ch32_sisdr3_s42_20260912_185614/checkpoints/epoch0078_val_loss-2.2468.pt,Nested GAN,1.3113,,32,0.00015,1.1014,,620.5,25.3667,42,3.0,ok,lr0.00015_ch32_sisdr3_s42,1163.8,-2.2468,5.29
grids/run8/nested_gan/lr0.00015_ch48_sisdr0_s42/grid_nested_gan_lr0.00015_ch48_sisdr0_s42_20260912_192606/checkpoints/epoch0074_val_loss0.1154.pt,Nested GAN,1.9406,auffaellig: Nahtsprung,48,0.00015,2.2932,,579.7,26.2009,42,0.0,ok,lr0.00015_ch48_sisdr0_s42,1140.2,0.1154,7.82
grids/run8/nested_gan/lr0.00015_ch48_sisdr1_s42/grid_nested_gan_lr0.00015_ch48_sisdr1_s42_20260912_195456/checkpoints/epoch0076_val_loss-0.6819.pt,Nested GAN,0.974,,48,0.00015,1.5013,,438.7,25.5481,42,1.0,ok,lr0.00015_ch48_sisdr1_s42,1226.6,-0.6819,3.93
grids/run8/nested_gan/lr0.00015_ch48_sisdr3_s42/grid_nested_gan_lr0.00015_ch48_sisdr3_s42_20260912_202246/checkpoints/epoch0076_val_loss-2.2806.pt,Nested GAN,1.6207,,48,0.00015,1.6398,,478.2,26.0322,42,3.0,ok,lr0.00015_ch48_sisdr3_s42,1554.6,-2.2806,6.53
grids/run8/nested_gan/lr0.00015_ch72_sisdr0_s42/grid_nested_gan_lr0.00015_ch72_sisdr0_s42_20260912_205644/checkpoints/epoch0050_val_loss0.1109.pt,Nested GAN,1.3256,,72,0.00015,1.1778,,432.2,26.1446,42,0.0,ok,lr0.00015_ch72_sisdr0_s42,1367.1,0.1109,5.35
grids/run8/nested_gan/lr0.00015_ch72_sisdr1_s42/grid_nested_gan_lr0.00015_ch72_sisdr1_s42_20260912_212648/checkpoints/epoch0080_val_loss-0.6896.pt,Nested GAN,2.1288,,72,0.00015,1.1199,,435.6,26.1261,42,1.0,ok,lr0.00015_ch72_sisdr1_s42,1628.0,-0.6896,8.58
grids/run8/nested_gan/lr0.00015_ch72_sisdr3_s42/grid_nested_gan_lr0.00015_ch72_sisdr3_s42_20260912_220119/checkpoints/epoch0080_val_loss-2.3020.pt,Nested GAN,1.4821,,72,0.00015,1.2747,,426.5,26.5295,42,3.0,ok,lr0.00015_ch72_sisdr3_s42,1611.8,-2.302,5.98
grids/run8/nested_gan/lr0.0005_ch32_sisdr0_s42/grid_nested_gan_lr0.0005_ch32_sisdr0_s42_20260912_223523/checkpoints/epoch0050_val_loss0.1082.pt,Nested GAN,1.7988,,32,0.0005,1.056,,397.1,29.0933,42,0.0,ok,lr0.0005_ch32_sisdr0_s42,1263.3,0.1082,7.25
grids/run8/nested_gan/lr0.0005_ch32_sisdr1_s42/grid_nested_gan_lr0.0005_ch32_sisdr1_s42_20260912_230308/checkpoints/epoch0076_val_loss-0.7004.pt,Nested GAN,1.3963,,32,0.0005,1.062,,396.5,27.0025,42,1.0,ok,lr0.0005_ch32_sisdr1_s42,1556.3,-0.7004,5.63
grids/run8/nested_gan/lr0.0005_ch32_sisdr3_s42/grid_nested_gan_lr0.0005_ch32_sisdr3_s42_20260912_233546/checkpoints/epoch0078_val_loss-2.3288.pt,Nested GAN,1.1573,,32,0.0005,1.1433,,397.7,27.0296,42,3.0,ok,lr0.0005_ch32_sisdr3_s42,1618.4,-2.3288,4.67
grids/run8/nested_gan/lr0.0005_ch48_sisdr0_s42/grid_nested_gan_lr0.0005_ch48_sisdr0_s42_20260913_000927/checkpoints/epoch0036_val_loss0.1129.pt,Nested GAN,2.3693,,48,0.0005,1.3829,,402.0,26.6914,42,0.0,ok,lr0.0005_ch48_sisdr0_s42,1111.7,0.1129,9.55
grids/run8/nested_gan/lr0.0005_ch48_sisdr1_s42/grid_nested_gan_lr0.0005_ch48_sisdr1_s42_20260913_003446/checkpoints/epoch0044_val_loss-0.6917.pt,Nested GAN,2.4911,,48,0.0005,1.464,,396.6,26.5082,42,1.0,ok,lr0.0005_ch48_sisdr1_s42,1308.1,-0.6917,10.04
grids/run8/nested_gan/lr0.0005_ch48_sisdr3_s42/grid_nested_gan_lr0.0005_ch48_sisdr3_s42_20260913_010315/checkpoints/epoch0064_val_loss-2.3169.pt,Nested GAN,1.672,,48,0.0005,1.1395,,401.6,26.4907,42,3.0,ok,lr0.0005_ch48_sisdr3_s42,1615.0,-2.3169,6.74
grids/run8/nested_gan/lr0.0005_ch72_sisdr0_s42/grid_nested_gan_lr0.0005_ch72_sisdr0_s42_20260913_013656/checkpoints/epoch0031_val_loss0.1069.pt,Nested GAN,2.2094,,72,0.0005,1.3781,,398.8,25.482,42,0.0,ok,lr0.0005_ch72_sisdr0_s42,1020.5,0.1069,8.91
grids/run8/nested_gan/lr0.0005_ch72_sisdr1_s42/grid_nested_gan_lr0.0005_ch72_sisdr1_s42_20260913_020041/checkpoints/epoch0043_val_loss-0.6890.pt,Nested GAN,1.4091,,72,0.0005,0.9991,,400.2,28.0127,42,1.0,ok,lr0.0005_ch72_sisdr1_s42,1311.8,-0.689,5.68
grids/run8/nested_gan/lr0.0005_ch72_sisdr3_s42/grid_nested_gan_lr0.0005_ch72_sisdr3_s42_20260913_022919/checkpoints/epoch0076_val_loss-2.3132.pt,Nested GAN,1.7071,,72,0.0005,1.7652,,399.1,27.8201,42,3.0,ok,lr0.0005_ch72_sisdr3_s42,1678.3,-2.3132,6.88
grids/run8/nested_gan/lr0.0015_ch32_sisdr0_s42/grid_nested_gan_lr0.0015_ch32_sisdr0_s42_20260913_030401/checkpoints/epoch0031_val_loss0.1106.pt,Nested GAN,2.7455,,32,0.0015,0.9352,,396.0,27.4777,42,0.0,ok,lr0.0015_ch32_sisdr0_s42,981.0,0.1106,11.07
grids/run8/nested_gan/lr0.0015_ch32_sisdr1_s42/grid_nested_gan_lr0.0015_ch32_sisdr1_s42_20260913_032703/checkpoints/epoch0045_val_loss-0.6744.pt,Nested GAN,2.3072,,32,0.0015,1.2821,,397.7,28.9537,42,1.0,ok,lr0.0015_ch32_sisdr1_s42,1315.8,-0.6744,9.3
grids/run8/nested_gan/lr0.0015_ch32_sisdr3_s42/grid_nested_gan_lr0.0015_ch32_sisdr3_s42_20260913_035541/checkpoints/epoch0054_val_loss-1.9012.pt,Nested GAN,1.9476,,32,0.0015,1.4627,,396.9,27.9484,42,3.0,ok,lr0.0015_ch32_sisdr3_s42,1543.1,-1.9012,7.85
grids/run8/nested_gan/lr0.0015_ch48_sisdr0_s42/grid_nested_gan_lr0.0015_ch48_sisdr0_s42_20260913_042806/checkpoints/epoch0031_val_loss0.1109.pt,Nested GAN,2.1176,,48,0.0015,1.0608,,482.6,27.9504,42,0.0,ok,lr0.0015_ch48_sisdr0_s42,1043.3,0.1109,8.54
grids/run8/nested_gan/lr0.0015_ch48_sisdr1_s42/grid_nested_gan_lr0.0015_ch48_sisdr1_s42_20260913_045337/checkpoints/epoch0070_val_loss-0.6916.pt,Nested GAN,2.5607,,48,0.0015,1.3614,,473.4,27.2684,42,1.0,ok,lr0.0015_ch48_sisdr1_s42,1671.4,-0.6916,10.33
grids/run8/nested_gan/lr0.0015_ch48_sisdr3_s42/grid_nested_gan_lr0.0015_ch48_sisdr3_s42_20260913_052926/checkpoints/epoch0069_val_loss-1.9745.pt,Nested GAN,1.8173,auffaellig: Nahtsprung,48,0.0015,1.9833,,576.1,28.2866,42,3.0,ok,lr0.0015_ch48_sisdr3_s42,1673.7,-1.9745,7.33
grids/run8/nested_gan/lr0.0015_ch72_sisdr0_s42/grid_nested_gan_lr0.0015_ch72_sisdr0_s42_20260913_060701/checkpoints/epoch0040_val_loss0.1110.pt,Nested GAN,2.4556,,72,0.0015,1.3101,,398.7,27.4085,42,0.0,ok,lr0.0015_ch72_sisdr0_s42,1213.9,0.111,9.9
grids/run8/nested_gan/lr0.0015_ch72_sisdr1_s42/grid_nested_gan_lr0.0015_ch72_sisdr1_s42_20260913_063359/checkpoints/epoch0073_val_loss-0.6725.pt,Nested GAN,2.5749,,72,0.0015,1.079,,391.7,29.2663,42,1.0,ok,lr0.0015_ch72_sisdr1_s42,1693.4,-0.6725,10.38
grids/run8/nested_gan/lr0.0015_ch72_sisdr3_s42/grid_nested_gan_lr0.0015_ch72_sisdr3_s42_20260913_070850/checkpoints/epoch0078_val_loss-2.3274.pt,Nested GAN,2.1849,,72,0.0015,1.446,,393.5,29.1674,42,3.0,ok,lr0.0015_ch72_sisdr3_s42,1681.6,-2.3274,8.81
grids/run8/vit_spectrogram/lr0.00015_dim120_sisdr0_s42/grid_vit_spectrogram_lr0.00015_dim120_sisdr0_s42_20260912_175744/checkpoints/epoch0042_val_loss0.1268.pt,ViT-Spectrogram,5.2407,,120,0.00015,1.2795,,581.5,28.267,42,0.0,ok,lr0.00015_dim120_sisdr0_s42,721.2,0.1268,21.13
grids/run8/vit_spectrogram/lr0.00015_dim120_sisdr1_s42/grid_vit_spectrogram_lr0.00015_dim120_sisdr1_s42_20260912_181934/checkpoints/epoch0054_val_loss-0.6295.pt,ViT-Spectrogram,2.5983,,120,0.00015,1.2314,,542.7,23.9008,42,1.0,ok,lr0.00015_dim120_sisdr1_s42,755.3,-0.6295,10.48
grids/run8/vit_spectrogram/lr0.00015_dim120_sisdr3_s42/grid_vit_spectrogram_lr0.00015_dim120_sisdr3_s42_20260912_184117/checkpoints/epoch0058_val_loss-2.0728.pt,ViT-Spectrogram,4.2694,,120,0.00015,1.0282,,544.5,25.8525,42,3.0,ok,lr0.00015_dim120_sisdr3_s42,749.4,-2.0728,17.22
grids/run8/vit_spectrogram/lr0.00015_dim192_sisdr0_s42/grid_vit_spectrogram_lr0.00015_dim192_sisdr0_s42_20260912_190255/checkpoints/epoch0032_val_loss0.1364.pt,ViT-Spectrogram,20.5816,,192,0.00015,1.1,,784.6,51.0687,42,0.0,ok,lr0.00015_dim192_sisdr0_s42,637.6,0.1364,82.99
grids/run8/vit_spectrogram/lr0.00015_dim192_sisdr1_s42/grid_vit_spectrogram_lr0.00015_dim192_sisdr1_s42_20260912_192647/checkpoints/epoch0058_val_loss-0.6461.pt,ViT-Spectrogram,3.7865,,192,0.00015,1.1369,,509.0,26.7452,42,1.0,ok,lr0.00015_dim192_sisdr1_s42,758.0,-0.6461,15.27
grids/run8/vit_spectrogram/lr0.00015_dim192_sisdr3_s42/grid_vit_spectrogram_lr0.00015_dim192_sisdr3_s42_20260912_194759/checkpoints/epoch0057_val_loss-2.1295.pt,ViT-Spectrogram,2.6054,,192,0.00015,1.2714,,467.3,23.7889,42,3.0,ok,lr0.00015_dim192_sisdr3_s42,761.0,-2.1295,10.51
grids/run8/vit_spectrogram/lr0.00015_dim288_sisdr0_s42/grid_vit_spectrogram_lr0.00015_dim288_sisdr0_s42_20260912_200832/checkpoints/epoch0047_val_loss0.1362.pt,ViT-Spectrogram,2.8224,,288,0.00015,1.1288,,428.3,25.7621,42,0.0,ok,lr0.00015_dim288_sisdr0_s42,850.5,0.1362,11.38
grids/run8/vit_spectrogram/lr0.00015_dim288_sisdr1_s42/grid_vit_spectrogram_lr0.00015_dim288_sisdr1_s42_20260912_202955/checkpoints/epoch0057_val_loss-0.6435.pt,ViT-Spectrogram,3.1898,,288,0.00015,0.9629,,435.9,23.489,42,1.0,ok,lr0.00015_dim288_sisdr1_s42,953.9,-0.6435,12.86
grids/run8/vit_spectrogram/lr0.00015_dim288_sisdr3_s42/grid_vit_spectrogram_lr0.00015_dim288_sisdr3_s42_20260912_205309/checkpoints/epoch0058_val_loss-2.2299.pt,ViT-Spectrogram,6.3189,,288,0.00015,1.2132,,433.6,29.2235,42,3.0,ok,lr0.00015_dim288_sisdr3_s42,925.1,-2.2299,25.48
grids/run8/vit_spectrogram/lr0.0003_dim120_sisdr0_s42/grid_vit_spectrogram_lr0.0003_dim120_sisdr0_s42_20260912_211553/checkpoints/epoch0057_val_loss0.1390.pt,ViT-Spectrogram,2.6709,,120,0.0003,1.5118,,429.3,25.4881,42,0.0,ok,lr0.0003_dim120_sisdr0_s42,832.2,0.139,10.77
grids/run8/vit_spectrogram/lr0.0003_dim120_sisdr1_s42/grid_vit_spectrogram_lr0.0003_dim120_sisdr1_s42_20260912_213657/checkpoints/epoch0049_val_loss-0.6434.pt,ViT-Spectrogram,11.1279,,120,0.0003,1.2262,,425.2,40.5688,42,1.0,ok,lr0.0003_dim120_sisdr1_s42,928.0,-0.6434,44.87
grids/run8/vit_spectrogram/lr0.0003_dim120_sisdr3_s42/grid_vit_spectrogram_lr0.0003_dim120_sisdr3_s42_20260912_215936/checkpoints/epoch0059_val_loss-2.1583.pt,ViT-Spectrogram,3.0863,,120,0.0003,1.3826,,420.5,25.5019,42,3.0,ok,lr0.0003_dim120_sisdr3_s42,927.6,-2.1583,12.44
grids/run8/vit_spectrogram/lr0.0003_dim192_sisdr0_s42/grid_vit_spectrogram_lr0.0003_dim192_sisdr0_s42_20260912_222207/checkpoints/epoch0042_val_loss0.1345.pt,ViT-Spectrogram,2.6246,,192,0.0003,1.3873,,435.5,26.5985,42,0.0,ok,lr0.0003_dim192_sisdr0_s42,852.9,0.1345,10.58
grids/run8/vit_spectrogram/lr0.0003_dim192_sisdr1_s42/grid_vit_spectrogram_lr0.0003_dim192_sisdr1_s42_20260912_224340/checkpoints/epoch0048_val_loss-0.6404.pt,ViT-Spectrogram,9.9349,,192,0.0003,1.5477,,406.2,36.6069,42,1.0,ok,lr0.0003_dim192_sisdr1_s42,911.7,-0.6404,40.06
grids/run8/vit_spectrogram/lr0.0003_dim192_sisdr3_s42/grid_vit_spectrogram_lr0.0003_dim192_sisdr3_s42_20260912_230541/checkpoints/epoch0057_val_loss-2.2335.pt,ViT-Spectrogram,3.3391,,192,0.0003,1.1451,,406.5,25.3195,42,3.0,ok,lr0.0003_dim192_sisdr3_s42,982.7,-2.2335,13.46
grids/run8/vit_spectrogram/lr0.0003_dim288_sisdr0_s42/grid_vit_spectrogram_lr0.0003_dim288_sisdr0_s42_20260912_232854/checkpoints/epoch0049_val_loss0.1295.pt,ViT-Spectrogram,8.5957,auffaellig: Nahtsprung,288,0.0003,1.9771,,401.0,31.633,42,0.0,ok,lr0.0003_dim288_sisdr0_s42,872.0,0.1295,34.66
grids/run8/vit_spectrogram/lr0.0003_dim288_sisdr1_s42/grid_vit_spectrogram_lr0.0003_dim288_sisdr1_s42_20260912_235012/checkpoints/epoch0058_val_loss-0.6505.pt,ViT-Spectrogram,2.923,,288,0.0003,1.1895,,402.6,25.6995,42,1.0,ok,lr0.0003_dim288_sisdr1_s42,973.4,-0.6505,11.79
grids/run8/vit_spectrogram/lr0.0003_dim288_sisdr3_s42/grid_vit_spectrogram_lr0.0003_dim288_sisdr3_s42_20260913_001312/checkpoints/epoch0053_val_loss-2.0939.pt,ViT-Spectrogram,6.5239,,288,0.0003,1.5743,,399.5,31.1704,42,3.0,ok,lr0.0003_dim288_sisdr3_s42,962.2,-2.0939,26.31
grids/run8/vit_spectrogram/lr0.001_dim120_sisdr0_s42/grid_vit_spectrogram_lr0.001_dim120_sisdr0_s42_20260913_003557/checkpoints/epoch0056_val_loss0.1335.pt,ViT-Spectrogram,2.3904,,120,0.001,1.3433,,403.5,24.4156,42,0.0,ok,lr0.001_dim120_sisdr0_s42,909.8,0.1335,9.64
grids/run8/vit_spectrogram/lr0.001_dim120_sisdr1_s42/grid_vit_spectrogram_lr0.001_dim120_sisdr1_s42_20260913_005755/checkpoints/epoch0059_val_loss-0.6339.pt,ViT-Spectrogram,5.541,,120,0.001,1.3036,,402.2,30.1367,42,1.0,ok,lr0.001_dim120_sisdr1_s42,894.5,-0.6339,22.34
grids/run8/vit_spectrogram/lr0.001_dim120_sisdr3_s42/grid_vit_spectrogram_lr0.001_dim120_sisdr3_s42_20260913_011935/checkpoints/epoch0056_val_loss-2.1485.pt,ViT-Spectrogram,3.9804,,120,0.001,1.2899,,402.5,26.6607,42,3.0,ok,lr0.001_dim120_sisdr3_s42,854.6,-2.1485,16.05
grids/run8/vit_spectrogram/lr0.001_dim192_sisdr0_s42/grid_vit_spectrogram_lr0.001_dim192_sisdr0_s42_20260913_014036/checkpoints/epoch0050_val_loss0.1256.pt,ViT-Spectrogram,3.355,auffaellig: Nahtsprung,192,0.001,2.1536,,404.4,25.6709,42,0.0,ok,lr0.001_dim192_sisdr0_s42,927.8,0.1256,13.53
grids/run8/vit_spectrogram/lr0.001_dim192_sisdr1_s42/grid_vit_spectrogram_lr0.001_dim192_sisdr1_s42_20260913_020252/checkpoints/epoch0047_val_loss-0.6089.pt,ViT-Spectrogram,2.222,,192,0.001,1.236,,404.1,22.8867,42,1.0,ok,lr0.001_dim192_sisdr1_s42,958.5,-0.6089,8.96
grids/run8/vit_spectrogram/lr0.001_dim192_sisdr3_s42/grid_vit_spectrogram_lr0.001_dim192_sisdr3_s42_20260913_022539/checkpoints/epoch0058_val_loss-2.1225.pt,ViT-Spectrogram,13.047,,192,0.001,1.4027,,405.2,38.4524,42,3.0,ok,lr0.001_dim192_sisdr3_s42,938.9,-2.1225,52.61
grids/run8/vit_spectrogram/lr0.001_dim288_sisdr0_s42/grid_vit_spectrogram_lr0.001_dim288_sisdr0_s42_20260913_024807/checkpoints/epoch0060_val_loss0.1719.pt,ViT-Spectrogram,14.7882,,288,0.001,1.1588,,391.9,33.1269,42,0.0,ok,lr0.001_dim288_sisdr0_s42,897.8,0.1719,59.63
grids/run8/vit_spectrogram/lr0.001_dim288_sisdr1_s42/grid_vit_spectrogram_lr0.001_dim288_sisdr1_s42_20260913_030940/checkpoints/epoch0059_val_loss-0.5565.pt,ViT-Spectrogram,4.5853,,288,0.001,1.023,,395.2,24.1851,42,1.0,ok,lr0.001_dim288_sisdr1_s42,970.2,-0.5565,18.49
grids/run8/vit_spectrogram/lr0.001_dim288_sisdr3_s42/grid_vit_spectrogram_lr0.001_dim288_sisdr3_s42_20260913_033229/checkpoints/epoch0053_val_loss-1.8869.pt,ViT-Spectrogram,10.5982,,288,0.001,1.0445,,402.1,29.7195,42,3.0,ok,lr0.001_dim288_sisdr3_s42,958.1,-1.8869,42.73
grids/run8/demucs/lr0.0001_ic32_sisdr0_s42/grid_demucs_lr0.0001_ic32_sisdr0_s42_20260912_175815/checkpoints/epoch0060_val_loss0.1697.pt,Demucs,8.6391,verworfen: Nahtsprung,32,0.0001,3.4312,cpu,690.1,37.0121,42,0.0,verworfen,lr0.0001_ic32_sisdr0_s42,1186.7,0.1697,34.84
grids/run8/demucs/lr0.0001_ic32_sisdr1_s42/grid_demucs_lr0.0001_ic32_sisdr1_s42_20260912_184729/checkpoints/epoch0057_val_loss-0.5721.pt,Demucs,4.9309,auffaellig: Nahtsprung,32,0.0001,2.168,cpu,672.9,30.6202,42,1.0,ok,lr0.0001_ic32_sisdr1_s42,1334.7,-0.5721,19.88
grids/run8/demucs/lr0.0001_ic32_sisdr3_s42/grid_demucs_lr0.0001_ic32_sisdr3_s42_20260912_195759/checkpoints/epoch0052_val_loss-1.9927.pt,Demucs,13.4962,verworfen: Nahtsprung,32,0.0001,4.0656,cpu,683.7,43.6068,42,3.0,verworfen,lr0.0001_ic32_sisdr3_s42,1315.0,-1.9927,54.42
grids/run8/demucs/lr0.0001_ic64_sisdr0_s42/grid_demucs_lr0.0001_ic64_sisdr0_s42_20260912_203121/checkpoints/epoch0017_val_loss0.1826.pt,Demucs,4.1537,auffaellig: Nahtsprung,64,0.0001,2.4244,cpu,777.4,29.5212,42,0.0,ok,lr0.0001_ic64_sisdr0_s42,788.4,0.1826,16.75
grids/run8/demucs/lr0.0001_ic64_sisdr1_s42/grid_demucs_lr0.0001_ic64_sisdr1_s42_20260912_205731/checkpoints/epoch0057_val_loss-0.6382.pt,Demucs,3.6211,,64,0.0001,1.5723,cpu,776.0,29.2147,42,1.0,ok,lr0.0001_ic64_sisdr1_s42,1298.7,-0.6382,14.6
grids/run8/demucs/lr0.0001_ic64_sisdr3_s42/grid_demucs_lr0.0001_ic64_sisdr3_s42_20260912_213210/checkpoints/epoch0047_val_loss-2.1672.pt,Demucs,3.1985,,64,0.0001,1.6515,cpu,776.7,28.015,42,3.0,ok,lr0.0001_ic64_sisdr3_s42,1334.8,-2.1672,12.9
grids/run8/demucs/lr0.0001_ic96_sisdr0_s42/grid_demucs_lr0.0001_ic96_sisdr0_s42_20260912_220726/checkpoints/epoch0060_val_loss0.1022.pt,Demucs,4.1583,,96,0.0001,1.7105,cpu,959.6,29.5844,42,0.0,ok,lr0.0001_ic96_sisdr0_s42,1264.6,0.1022,16.77
grids/run8/demucs/lr0.0001_ic96_sisdr1_s42/grid_demucs_lr0.0001_ic96_sisdr1_s42_20260912_224434/checkpoints/epoch0028_val_loss-0.6227.pt,Demucs,3.669,,96,0.0001,1.5302,cpu,960.9,28.0928,42,1.0,ok,lr0.0001_ic96_sisdr1_s42,1120.2,-0.6227,14.79
grids/run8/demucs/lr0.0001_ic96_sisdr3_s42/grid_demucs_lr0.0001_ic96_sisdr3_s42_20260912_231920/checkpoints/epoch0051_val_loss-2.1902.pt,Demucs,3.7827,,96,0.0001,1.6193,cpu,956.6,29.1906,42,3.0,ok,lr0.0001_ic96_sisdr3_s42,1365.2,-2.1902,15.25
grids/run8/demucs/lr0.0003_ic32_sisdr0_s42/grid_demucs_lr0.0003_ic32_sisdr0_s42_20260912_235806/checkpoints/epoch0051_val_loss0.1220.pt,Demucs,2.9039,,32,0.0003,1.3491,cpu,675.6,28.3744,42,0.0,ok,lr0.0003_ic32_sisdr0_s42,1281.5,0.122,11.71
grids/run8/demucs/lr0.0003_ic32_sisdr1_s42/grid_demucs_lr0.0003_ic32_sisdr1_s42_20260913_003046/checkpoints/epoch0057_val_loss-0.6596.pt,Demucs,3.5223,,32,0.0003,1.6399,cpu,665.6,28.6833,42,1.0,ok,lr0.0003_ic32_sisdr1_s42,1269.0,-0.6596,14.2
grids/run8/demucs/lr0.0003_ic32_sisdr3_s42/grid_demucs_lr0.0003_ic32_sisdr3_s42_20260913_010304/checkpoints/epoch0057_val_loss-2.1694.pt,Demucs,2.4741,,32,0.0003,1.5616,cpu,668.7,29.2266,42,3.0,ok,lr0.0003_ic32_sisdr3_s42,1350.2,-2.1694,9.98
grids/run8/demucs/lr0.0003_ic64_sisdr0_s42/grid_demucs_lr0.0003_ic64_sisdr0_s42_20260913_013647/checkpoints/epoch0054_val_loss0.0572.pt,Demucs,4.6994,,64,0.0003,1.5457,cpu,773.3,29.085,42,0.0,ok,lr0.0003_ic64_sisdr0_s42,1260.1,0.0572,18.95
grids/run8/demucs/lr0.0003_ic64_sisdr1_s42/grid_demucs_lr0.0003_ic64_sisdr1_s42_20260913_021044/checkpoints/epoch0058_val_loss-0.7183.pt,Demucs,3.1756,,64,0.0003,0.9743,cpu,774.6,28.5204,42,1.0,ok,lr0.0003_ic64_sisdr1_s42,1359.1,-0.7183,12.8
grids/run8/demucs/lr0.0003_ic64_sisdr3_s42/grid_demucs_lr0.0003_ic64_sisdr3_s42_20260913_024622/checkpoints/epoch0058_val_loss-2.1052.pt,Demucs,3.2795,,64,0.0003,1.2797,cpu,776.7,29.5366,42,3.0,ok,lr0.0003_ic64_sisdr3_s42,1378.2,-2.1052,13.22
grids/run8/demucs/lr0.0003_ic96_sisdr0_s42/grid_demucs_lr0.0003_ic96_sisdr0_s42_20260913_032221/checkpoints/epoch0058_val_loss0.0678.pt,Demucs,3.5097,,96,0.0003,1.435,cpu,946.5,30.1054,42,0.0,ok,lr0.0003_ic96_sisdr0_s42,1278.2,0.0678,14.15
grids/run8/demucs/lr0.0003_ic96_sisdr1_s42/grid_demucs_lr0.0003_ic96_sisdr1_s42_20260913_035930/checkpoints/epoch0060_val_loss-0.6901.pt,Demucs,2.9779,,96,0.0003,1.6005,cpu,940.9,30.3849,42,1.0,ok,lr0.0003_ic96_sisdr1_s42,1401.8,-0.6901,12.01
grids/run8/demucs/lr0.0003_ic96_sisdr3_s42/grid_demucs_lr0.0003_ic96_sisdr3_s42_20260913_043837/checkpoints/epoch0055_val_loss-2.2474.pt,Demucs,3.6975,,96,0.0003,1.1159,cpu,922.0,30.313,42,3.0,ok,lr0.0003_ic96_sisdr3_s42,1403.4,-2.2474,14.91
grids/run8/demucs/lr0.001_ic32_sisdr0_s42/grid_demucs_lr0.001_ic32_sisdr0_s42_20260913_051726/checkpoints/epoch0057_val_loss0.0876.pt,Demucs,1.9155,,32,0.001,1.7637,cpu,667.1,28.647,42,0.0,ok,lr0.001_ic32_sisdr0_s42,1271.3,0.0876,7.72
grids/run8/demucs/lr0.001_ic32_sisdr1_s42/grid_demucs_lr0.001_ic32_sisdr1_s42_20260913_054948/checkpoints/epoch0051_val_loss-0.6520.pt,Demucs,3.2665,,32,0.001,1.4399,cpu,822.4,30.4825,42,1.0,ok,lr0.001_ic32_sisdr1_s42,1324.3,-0.652,13.17
grids/run8/demucs/lr0.001_ic32_sisdr3_s42/grid_demucs_lr0.001_ic32_sisdr3_s42_20260913_062538/checkpoints/epoch0059_val_loss-2.1442.pt,Demucs,4.6086,,32,0.001,1.3948,cpu,824.6,30.9565,42,3.0,ok,lr0.001_ic32_sisdr3_s42,1361.6,-2.1442,18.58
grids/run8/demucs/lr0.001_ic64_sisdr0_s42/grid_demucs_lr0.001_ic64_sisdr0_s42_20260913_070208/checkpoints/epoch0057_val_loss0.0876.pt,Demucs,1.89,,64,0.001,1.4522,cpu,1050.9,27.7964,42,0.0,ok,lr0.001_ic64_sisdr0_s42,1244.6,0.0876,7.62
grids/run8/demucs/lr0.001_ic64_sisdr1_s42/grid_demucs_lr0.001_ic64_sisdr1_s42_20260913_074028/checkpoints/epoch0060_val_loss-0.6505.pt,Demucs,3.4413,auffaellig: Nahtsprung,64,0.001,2.1969,cpu,985.7,30.7766,42,1.0,ok,lr0.001_ic64_sisdr1_s42,1292.6,-0.6505,13.88
grids/run8/demucs/lr0.001_ic64_sisdr3_s42/grid_demucs_lr0.001_ic64_sisdr3_s42_20260913_081830/checkpoints/epoch0045_val_loss-2.0063.pt,Demucs,3.1165,,64,0.001,1.4183,cpu,995.6,30.1009,42,3.0,ok,lr0.001_ic64_sisdr3_s42,1366.9,-2.0063,12.57
grids/run8/demucs/lr0.001_ic96_sisdr0_s42/grid_demucs_lr0.001_ic96_sisdr0_s42_20260913_085756/checkpoints/epoch0057_val_loss0.1009.pt,Demucs,2.3539,auffaellig: Nahtsprung,96,0.001,2.1829,cpu,1026.3,28.8335,42,0.0,ok,lr0.001_ic96_sisdr0_s42,1210.5,0.1009,9.49
grids/run8/demucs/lr0.001_ic96_sisdr1_s42/grid_demucs_lr0.001_ic96_sisdr1_s42_20260913_093517/checkpoints/epoch0057_val_loss-0.5991.pt,Demucs,2.3008,,96,0.001,1.4798,cpu,945.7,29.447,42,1.0,ok,lr0.001_ic96_sisdr1_s42,1448.7,-0.5991,9.28
grids/run8/demucs/lr0.001_ic96_sisdr3_s42/grid_demucs_lr0.001_ic96_sisdr3_s42_20260913_101516/checkpoints/epoch0045_val_loss-1.9411.pt,Demucs,2.1618,,96,0.001,1.4626,cpu,948.9,27.5162,42,3.0,ok,lr0.001_ic96_sisdr3_s42,1434.4,-1.9411,8.72
