besser_als_null,bewertung_s,checkpoint,corr_clean,err_uv,err_uv_null,family,hinweis,kapazitaet,lr,n_selektion,seed,si_sdr,status,tag,train_s,val_loss
True,14.0,grids/wega/nested_gan/lr0.00015_ch32_sisdr0_s42/grid_nested_gan_lr0.00015_ch32_sisdr0_s42_20260912_234231/checkpoints/epoch0077_val_loss1.8833.pt,0.9796,9.1594,45.3128,Nested GAN,,32,0.00015,4110,42,0.0,ok,lr0.00015_ch32_sisdr0_s42,424.3,1.8833
True,1.1,grids/wega/nested_gan/lr0.00015_ch32_sisdr1_s42/grid_nested_gan_lr0.00015_ch32_sisdr1_s42_20260912_234940/checkpoints/epoch0079_val_loss1.8087.pt,0.9818,8.5972,45.3128,Nested GAN,,32,0.00015,4110,42,1.0,ok,lr0.00015_ch32_sisdr1_s42,418.6,1.8087
True,1.0,grids/wega/nested_gan/lr0.00015_ch32_sisdr3_s42/grid_nested_gan_lr0.00015_ch32_sisdr3_s42_20260912_235640/checkpoints/epoch0077_val_loss1.4974.pt,0.9845,7.9593,45.3128,Nested GAN,,32,0.00015,4110,42,3.0,ok,lr0.00015_ch32_sisdr3_s42,415.5,1.4974
True,8.3,grids/wega/nested_gan/lr0.00015_ch48_sisdr0_s42/grid_nested_gan_lr0.00015_ch48_sisdr0_s42_20260913_000337/checkpoints/epoch0076_val_loss1.7495.pt,0.9799,9.0515,45.3128,Nested GAN,,48,0.00015,4110,42,0.0,ok,lr0.00015_ch48_sisdr0_s42,557.6,1.7495
True,1.1,grids/wega/nested_gan/lr0.00015_ch48_sisdr1_s42/grid_nested_gan_lr0.00015_ch48_sisdr1_s42_20260913_001314/checkpoints/epoch0079_val_loss1.6051.pt,0.9837,8.1559,45.3128,Nested GAN,,48,0.00015,4110,42,1.0,ok,lr0.00015_ch48_sisdr1_s42,579.7,1.6051
True,1.2,grids/wega/nested_gan/lr0.00015_ch48_sisdr3_s42/grid_nested_gan_lr0.00015_ch48_sisdr3_s42_20260913_002243/checkpoints/epoch0079_val_loss1.6734.pt,0.9818,8.6132,45.3128,Nested GAN,,48,0.00015,4110,42,3.0,ok,lr0.00015_ch48_sisdr3_s42,562.0,1.6734
True,1.4,grids/wega/nested_gan/lr0.00015_ch72_sisdr0_s42/grid_nested_gan_lr0.00015_ch72_sisdr0_s42_20260913_003206/checkpoints/epoch0078_val_loss1.7329.pt,0.9814,8.7132,45.3128,Nested GAN,,72,0.00015,4110,42,0.0,ok,lr0.00015_ch72_sisdr0_s42,827.5,1.7329
True,1.4,grids/wega/nested_gan/lr0.00015_ch72_sisdr1_s42/grid_nested_gan_lr0.00015_ch72_sisdr1_s42_20260913_004555/checkpoints/epoch0077_val_loss1.5811.pt,0.9833,8.2527,45.3128,Nested GAN,,72,0.00015,4110,42,1.0,ok,lr0.00015_ch72_sisdr1_s42,836.4,1.5811
True,1.4,grids/wega/nested_gan/lr0.00015_ch72_sisdr3_s42/grid_nested_gan_lr0.00015_ch72_sisdr3_s42_20260913_005953/checkpoints/epoch0076_val_loss1.5599.pt,0.9823,8.4971,45.3128,Nested GAN,,72,0.00015,4110,42,3.0,ok,lr0.00015_ch72_sisdr3_s42,834.2,1.5599
True,1.1,grids/wega/nested_gan/lr0.0005_ch32_sisdr0_s42/grid_nested_gan_lr0.0005_ch32_sisdr0_s42_20260913_011349/checkpoints/epoch0076_val_loss1.3657.pt,0.9889,6.7459,45.3128,Nested GAN,,32,0.0005,4110,42,0.0,ok,lr0.0005_ch32_sisdr0_s42,402.6,1.3657
True,1.1,grids/wega/nested_gan/lr0.0005_ch32_sisdr1_s42/grid_nested_gan_lr0.0005_ch32_sisdr1_s42_20260913_012033/checkpoints/epoch0077_val_loss1.1089.pt,0.9906,6.1935,45.3128,Nested GAN,,32,0.0005,4110,42,1.0,ok,lr0.0005_ch32_sisdr1_s42,414.1,1.1089
True,1.0,grids/wega/nested_gan/lr0.0005_ch32_sisdr3_s42/grid_nested_gan_lr0.0005_ch32_sisdr3_s42_20260913_012728/checkpoints/epoch0080_val_loss0.5922.pt,0.9914,5.9292,45.3128,Nested GAN,,32,0.0005,4110,42,3.0,ok,lr0.0005_ch32_sisdr3_s42,411.0,0.5922
True,1.2,grids/wega/nested_gan/lr0.0005_ch48_sisdr0_s42/grid_nested_gan_lr0.0005_ch48_sisdr0_s42_20260913_013420/checkpoints/epoch0077_val_loss1.3465.pt,0.99,6.3938,45.3128,Nested GAN,,48,0.0005,4110,42,0.0,ok,lr0.0005_ch48_sisdr0_s42,553.9,1.3465
True,1.2,grids/wega/nested_gan/lr0.0005_ch48_sisdr1_s42/grid_nested_gan_lr0.0005_ch48_sisdr1_s42_20260913_014335/checkpoints/epoch0077_val_loss1.0067.pt,0.9918,5.8055,45.3128,Nested GAN,,48,0.0005,4110,42,1.0,ok,lr0.0005_ch48_sisdr1_s42,561.6,1.0067
True,1.2,grids/wega/nested_gan/lr0.0005_ch48_sisdr3_s42/grid_nested_gan_lr0.0005_ch48_sisdr3_s42_20260913_015258/checkpoints/epoch0077_val_loss0.5362.pt,0.9918,5.8012,45.3128,Nested GAN,,48,0.0005,4110,42,3.0,ok,lr0.0005_ch48_sisdr3_s42,566.3,0.5362
True,1.4,grids/wega/nested_gan/lr0.0005_ch72_sisdr0_s42/grid_nested_gan_lr0.0005_ch72_sisdr0_s42_20260913_020225/checkpoints/epoch0066_val_loss1.3109.pt,0.9902,6.3269,45.3128,Nested GAN,,72,0.0005,4110,42,0.0,ok,lr0.0005_ch72_sisdr0_s42,825.8,1.3109
False,1.4,grids/wega/nested_gan/lr0.0005_ch72_sisdr1_s42/grid_nested_gan_lr0.0005_ch72_sisdr1_s42_20260913_021612/checkpoints/epoch0050_val_loss3.1086.pt,0.3946,48.9226,45.3128,Nested GAN,schlechter als die Nullausgabe,72,0.0005,4110,42,1.0,verworfen,lr0.0005_ch72_sisdr1_s42,744.6,3.1086
True,1.4,grids/wega/nested_gan/lr0.0005_ch72_sisdr3_s42/grid_nested_gan_lr0.0005_ch72_sisdr3_s42_20260913_022838/checkpoints/epoch0064_val_loss0.4536.pt,0.992,5.7109,45.3128,Nested GAN,,72,0.0005,4110,42,3.0,ok,lr0.0005_ch72_sisdr3_s42,844.9,0.4536
True,1.1,grids/wega/nested_gan/lr0.0015_ch32_sisdr0_s42/grid_nested_gan_lr0.0015_ch32_sisdr0_s42_20260913_024244/checkpoints/epoch0073_val_loss1.7954.pt,0.977,9.7233,45.3128,Nested GAN,,32,0.0015,4110,42,0.0,ok,lr0.0015_ch32_sisdr0_s42,407.5,1.7954
True,1.0,grids/wega/nested_gan/lr0.0015_ch32_sisdr1_s42/grid_nested_gan_lr0.0015_ch32_sisdr1_s42_20260913_024933/checkpoints/epoch0072_val_loss1.2293.pt,0.9889,6.7246,45.3128,Nested GAN,,32,0.0015,4110,42,1.0,ok,lr0.0015_ch32_sisdr1_s42,415.8,1.2293
True,1.0,grids/wega/nested_gan/lr0.0015_ch32_sisdr3_s42/grid_nested_gan_lr0.0015_ch32_sisdr3_s42_20260913_025630/checkpoints/epoch0077_val_loss0.6700.pt,0.9902,6.3131,45.3128,Nested GAN,,32,0.0015,4110,42,3.0,ok,lr0.0015_ch32_sisdr3_s42,414.2,0.67
True,1.2,grids/wega/nested_gan/lr0.0015_ch48_sisdr0_s42/grid_nested_gan_lr0.0015_ch48_sisdr0_s42_20260913_030325/checkpoints/epoch0069_val_loss1.4802.pt,0.985,7.8325,45.3128,Nested GAN,,48,0.0015,4110,42,0.0,ok,lr0.0015_ch48_sisdr0_s42,559.2,1.4802
True,1.2,grids/wega/nested_gan/lr0.0015_ch48_sisdr1_s42/grid_nested_gan_lr0.0015_ch48_sisdr1_s42_20260913_031246/checkpoints/epoch0072_val_loss1.6985.pt,0.9792,9.2605,45.3128,Nested GAN,,48,0.0015,4110,42,1.0,ok,lr0.0015_ch48_sisdr1_s42,561.9,1.6985
True,1.4,grids/wega/nested_gan/lr0.0015_ch48_sisdr3_s42/grid_nested_gan_lr0.0015_ch48_sisdr3_s42_20260913_032209/checkpoints/epoch0066_val_loss0.6095.pt,0.9909,6.0864,45.3128,Nested GAN,,48,0.0015,4110,42,3.0,ok,lr0.0015_ch48_sisdr3_s42,569.1,0.6095
True,3.3,grids/wega/nested_gan/lr0.0015_ch72_sisdr0_s42/grid_nested_gan_lr0.0015_ch72_sisdr0_s42_20260913_033141/checkpoints/epoch0058_val_loss1.3818.pt,0.9882,6.9556,45.3128,Nested GAN,,72,0.0015,4110,42,0.0,ok,lr0.0015_ch72_sisdr0_s42,810.4,1.3818
True,1.3,grids/wega/nested_gan/lr0.0015_ch72_sisdr1_s42/grid_nested_gan_lr0.0015_ch72_sisdr1_s42_20260913_034513/checkpoints/epoch0069_val_loss1.0167.pt,0.9913,5.9702,45.3128,Nested GAN,,72,0.0015,4110,42,1.0,ok,lr0.0015_ch72_sisdr1_s42,840.1,1.0167
True,3.7,grids/wega/nested_gan/lr0.0015_ch72_sisdr3_s42/grid_nested_gan_lr0.0015_ch72_sisdr3_s42_20260913_035914/checkpoints/epoch0073_val_loss0.5570.pt,0.9913,5.9544,45.3128,Nested GAN,,72,0.0015,4110,42,3.0,ok,lr0.0015_ch72_sisdr3_s42,844.4,0.557
True,5.0,grids/wega/vit_spectrogram/lr0.00015_dim120_sisdr0_s42/grid_vit_spectrogram_lr0.00015_dim120_sisdr0_s42_20260912_234238/checkpoints/epoch0060_val_loss2.8657.pt,0.9612,12.6569,45.3128,ViT-Spectrogram,,120,0.00015,4110,42,0.0,ok,lr0.00015_dim120_sisdr0_s42,211.8,2.8657
True,12.2,grids/wega/vit_spectrogram/lr0.00015_dim120_sisdr1_s42/grid_vit_spectrogram_lr0.00015_dim120_sisdr1_s42_20260912_234614/checkpoints/epoch0060_val_loss3.1592.pt,0.9645,12.0403,45.3128,ViT-Spectrogram,,120,0.00015,4110,42,1.0,ok,lr0.00015_dim120_sisdr1_s42,220.4,3.1592
True,1.3,grids/wega/vit_spectrogram/lr0.00015_dim120_sisdr3_s42/grid_vit_spectrogram_lr0.00015_dim120_sisdr3_s42_20260912_234957/checkpoints/epoch0055_val_loss3.8845.pt,0.9638,12.148,45.3128,ViT-Spectrogram,,120,0.00015,4110,42,3.0,ok,lr0.00015_dim120_sisdr3_s42,208.8,3.8845
True,1.1,grids/wega/vit_spectrogram/lr0.00015_dim192_sisdr0_s42/grid_vit_spectrogram_lr0.00015_dim192_sisdr0_s42_20260912_235327/checkpoints/epoch0060_val_loss2.5707.pt,0.9633,12.3026,45.3128,ViT-Spectrogram,,192,0.00015,4110,42,0.0,ok,lr0.00015_dim192_sisdr0_s42,259.2,2.5707
True,10.6,grids/wega/vit_spectrogram/lr0.00015_dim192_sisdr1_s42/grid_vit_spectrogram_lr0.00015_dim192_sisdr1_s42_20260912_235747/checkpoints/epoch0060_val_loss2.8888.pt,0.9667,11.694,45.3128,ViT-Spectrogram,,192,0.00015,4110,42,1.0,ok,lr0.00015_dim192_sisdr1_s42,270.1,2.8888
True,9.2,grids/wega/vit_spectrogram/lr0.00015_dim192_sisdr3_s42/grid_vit_spectrogram_lr0.00015_dim192_sisdr3_s42_20260913_000239/checkpoints/epoch0059_val_loss3.3856.pt,0.9654,11.8949,45.3128,ViT-Spectrogram,,192,0.00015,4110,42,3.0,ok,lr0.00015_dim192_sisdr3_s42,279.1,3.3856
True,12.7,grids/wega/vit_spectrogram/lr0.00015_dim288_sisdr0_s42/grid_vit_spectrogram_lr0.00015_dim288_sisdr0_s42_20260913_000731/checkpoints/epoch0060_val_loss2.5461.pt,0.9634,12.3077,45.3128,ViT-Spectrogram,,288,0.00015,4110,42,0.0,ok,lr0.00015_dim288_sisdr0_s42,408.2,2.5461
True,1.3,grids/wega/vit_spectrogram/lr0.00015_dim288_sisdr1_s42/grid_vit_spectrogram_lr0.00015_dim288_sisdr1_s42_20260913_001420/checkpoints/epoch0059_val_loss3.0968.pt,0.9631,12.3035,45.3128,ViT-Spectrogram,,288,0.00015,4110,42,1.0,ok,lr0.00015_dim288_sisdr1_s42,396.9,3.0968
True,5.5,grids/wega/vit_spectrogram/lr0.00015_dim288_sisdr3_s42/grid_vit_spectrogram_lr0.00015_dim288_sisdr3_s42_20260913_002055/checkpoints/epoch0059_val_loss3.6111.pt,0.9631,12.2921,45.3128,ViT-Spectrogram,,288,0.00015,4110,42,3.0,ok,lr0.00015_dim288_sisdr3_s42,399.4,3.6111
True,1.1,grids/wega/vit_spectrogram/lr0.0003_dim120_sisdr0_s42/grid_vit_spectrogram_lr0.0003_dim120_sisdr0_s42_20260913_002740/checkpoints/epoch0060_val_loss2.6364.pt,0.9638,12.2162,45.3128,ViT-Spectrogram,,120,0.0003,4110,42,0.0,ok,lr0.0003_dim120_sisdr0_s42,197.0,2.6364
True,8.7,grids/wega/vit_spectrogram/lr0.0003_dim120_sisdr1_s42/grid_vit_spectrogram_lr0.0003_dim120_sisdr1_s42_20260913_003058/checkpoints/epoch0060_val_loss3.1320.pt,0.9603,12.7674,45.3128,ViT-Spectrogram,,120,0.0003,4110,42,1.0,ok,lr0.0003_dim120_sisdr1_s42,203.5,3.132
True,7.3,grids/wega/vit_spectrogram/lr0.0003_dim120_sisdr3_s42/grid_vit_spectrogram_lr0.0003_dim120_sisdr3_s42_20260913_003441/checkpoints/epoch0054_val_loss4.0338.pt,0.9548,13.5891,45.3128,ViT-Spectrogram,,120,0.0003,4110,42,3.0,ok,lr0.0003_dim120_sisdr3_s42,219.2,4.0338
True,9.1,grids/wega/vit_spectrogram/lr0.0003_dim192_sisdr0_s42/grid_vit_spectrogram_lr0.0003_dim192_sisdr0_s42_20260913_003824/checkpoints/epoch0057_val_loss2.6325.pt,0.9649,12.0587,45.3128,ViT-Spectrogram,,192,0.0003,4110,42,0.0,ok,lr0.0003_dim192_sisdr0_s42,272.6,2.6325
True,1.2,grids/wega/vit_spectrogram/lr0.0003_dim192_sisdr1_s42/grid_vit_spectrogram_lr0.0003_dim192_sisdr1_s42_20260913_004307/checkpoints/epoch0053_val_loss3.1085.pt,0.9653,11.922,45.3128,ViT-Spectrogram,,192,0.0003,4110,42,1.0,ok,lr0.0003_dim192_sisdr1_s42,281.9,3.1085
True,1.1,grids/wega/vit_spectrogram/lr0.0003_dim192_sisdr3_s42/grid_vit_spectrogram_lr0.0003_dim192_sisdr3_s42_20260913_004741/checkpoints/epoch0056_val_loss3.8538.pt,0.9623,12.3836,45.3128,ViT-Spectrogram,,192,0.0003,4110,42,3.0,ok,lr0.0003_dim192_sisdr3_s42,265.6,3.8538
True,1.5,grids/wega/vit_spectrogram/lr0.0003_dim288_sisdr0_s42/grid_vit_spectrogram_lr0.0003_dim288_sisdr0_s42_20260913_005208/checkpoints/epoch0058_val_loss2.6008.pt,0.9655,11.9329,45.3128,ViT-Spectrogram,,288,0.0003,4110,42,0.0,ok,lr0.0003_dim288_sisdr0_s42,383.6,2.6008
True,1.3,grids/wega/vit_spectrogram/lr0.0003_dim288_sisdr1_s42/grid_vit_spectrogram_lr0.0003_dim288_sisdr1_s42_20260913_005834/checkpoints/epoch0052_val_loss3.5551.pt,0.96,12.7883,45.3128,ViT-Spectrogram,,288,0.0003,4110,42,1.0,ok,lr0.0003_dim288_sisdr1_s42,389.7,3.5551
True,1.3,grids/wega/vit_spectrogram/lr0.0003_dim288_sisdr3_s42/grid_vit_spectrogram_lr0.0003_dim288_sisdr3_s42_20260913_010504/checkpoints/epoch0054_val_loss4.4912.pt,0.954,13.7043,45.3128,ViT-Spectrogram,,288,0.0003,4110,42,3.0,ok,lr0.0003_dim288_sisdr3_s42,391.2,4.4912
True,1.0,grids/wega/vit_spectrogram/lr0.001_dim120_sisdr0_s42/grid_vit_spectrogram_lr0.001_dim120_sisdr0_s42_20260913_011137/checkpoints/epoch0060_val_loss2.8028.pt,0.9619,12.558,45.3128,ViT-Spectrogram,,120,0.001,4110,42,0.0,ok,lr0.001_dim120_sisdr0_s42,200.2,2.8028
True,1.0,grids/wega/vit_spectrogram/lr0.001_dim120_sisdr1_s42/grid_vit_spectrogram_lr0.001_dim120_sisdr1_s42_20260913_011458/checkpoints/epoch0058_val_loss3.4131.pt,0.9607,12.6561,45.3128,ViT-Spectrogram,,120,0.001,4110,42,1.0,ok,lr0.001_dim120_sisdr1_s42,204.2,3.4131
True,1.1,grids/wega/vit_spectrogram/lr0.001_dim120_sisdr3_s42/grid_vit_spectrogram_lr0.001_dim120_sisdr3_s42_20260913_011823/checkpoints/epoch0058_val_loss4.2850.pt,0.9561,13.3381,45.3128,ViT-Spectrogram,,120,0.001,4110,42,3.0,ok,lr0.001_dim120_sisdr3_s42,205.8,4.285
True,1.2,grids/wega/vit_spectrogram/lr0.001_dim192_sisdr0_s42/grid_vit_spectrogram_lr0.001_dim192_sisdr0_s42_20260913_012150/checkpoints/epoch0058_val_loss3.1333.pt,0.9589,13.0144,45.3128,ViT-Spectrogram,,192,0.001,4110,42,0.0,ok,lr0.001_dim192_sisdr0_s42,264.2,3.1333
True,1.1,grids/wega/vit_spectrogram/lr0.001_dim192_sisdr1_s42/grid_vit_spectrogram_lr0.001_dim192_sisdr1_s42_20260913_012616/checkpoints/epoch0060_val_loss3.6385.pt,0.9597,12.8251,45.3128,ViT-Spectrogram,,192,0.001,4110,42,1.0,ok,lr0.001_dim192_sisdr1_s42,263.5,3.6385
True,1.1,grids/wega/vit_spectrogram/lr0.001_dim192_sisdr3_s42/grid_vit_spectrogram_lr0.001_dim192_sisdr3_s42_20260913_013040/checkpoints/epoch0055_val_loss4.7138.pt,0.9541,13.6458,45.3128,ViT-Spectrogram,,192,0.001,4110,42,3.0,ok,lr0.001_dim192_sisdr3_s42,260.9,4.7138
True,1.5,grids/wega/vit_spectrogram/lr0.001_dim288_sisdr0_s42/grid_vit_spectrogram_lr0.001_dim288_sisdr0_s42_20260913_013502/checkpoints/epoch0058_val_loss5.0533.pt,0.9361,16.2696,45.3128,ViT-Spectrogram,,288,0.001,4110,42,0.0,ok,lr0.001_dim288_sisdr0_s42,382.7,5.0533
True,1.5,grids/wega/vit_spectrogram/lr0.001_dim288_sisdr1_s42/grid_vit_spectrogram_lr0.001_dim288_sisdr1_s42_20260913_014126/checkpoints/epoch0060_val_loss4.3686.pt,0.9516,14.0415,45.3128,ViT-Spectrogram,,288,0.001,4110,42,1.0,ok,lr0.001_dim288_sisdr1_s42,393.0,4.3686
True,1.3,grids/wega/vit_spectrogram/lr0.001_dim288_sisdr3_s42/grid_vit_spectrogram_lr0.001_dim288_sisdr3_s42_20260913_014801/checkpoints/epoch0049_val_loss5.5802.pt,0.938,15.7731,45.3128,ViT-Spectrogram,,288,0.001,4110,42,3.0,ok,lr0.001_dim288_sisdr3_s42,392.7,5.5802
True,13.2,grids/wega/demucs/lr0.0001_ic32_sisdr0_s42/grid_demucs_lr0.0001_ic32_sisdr0_s42_20260912_234246/checkpoints/epoch0059_val_loss3.3849.pt,0.9425,15.6541,45.3128,Demucs,,32,0.0001,4110,42,0.0,ok,lr0.0001_ic32_sisdr0_s42,250.2,3.3849
True,0.9,grids/wega/demucs/lr0.0001_ic32_sisdr1_s42/grid_demucs_lr0.0001_ic32_sisdr1_s42_20260912_234657/checkpoints/epoch0059_val_loss4.8967.pt,0.9039,20.3601,45.3128,Demucs,,32,0.0001,4110,42,1.0,ok,lr0.0001_ic32_sisdr1_s42,238.3,4.8967
False,0.9,grids/wega/demucs/lr0.0001_ic32_sisdr3_s42/grid_demucs_lr0.0001_ic32_sisdr3_s42_20260912_235055/checkpoints/epoch0058_val_loss7.3953.pt,0.3616,52.1571,45.3128,Demucs,schlechter als die Nullausgabe,32,0.0001,4110,42,3.0,verworfen,lr0.0001_ic32_sisdr3_s42,234.5,7.3953
True,1.3,grids/wega/demucs/lr0.0001_ic64_sisdr0_s42/grid_demucs_lr0.0001_ic64_sisdr0_s42_20260912_235450/checkpoints/epoch0050_val_loss2.0701.pt,0.9732,10.4794,45.3128,Demucs,,64,0.0001,4110,42,0.0,ok,lr0.0001_ic64_sisdr0_s42,288.6,2.0701
True,1.2,grids/wega/demucs/lr0.0001_ic64_sisdr1_s42/grid_demucs_lr0.0001_ic64_sisdr1_s42_20260912_235940/checkpoints/epoch0057_val_loss2.1167.pt,0.9767,9.8302,45.3128,Demucs,,64,0.0001,4110,42,1.0,ok,lr0.0001_ic64_sisdr1_s42,303.9,2.1167
False,1.2,grids/wega/demucs/lr0.0001_ic64_sisdr3_s42/grid_demucs_lr0.0001_ic64_sisdr3_s42_20260913_000445/checkpoints/epoch0057_val_loss4.5462.pt,0.3627,51.0579,45.3128,Demucs,schlechter als die Nullausgabe,64,0.0001,4110,42,3.0,verworfen,lr0.0001_ic64_sisdr3_s42,305.3,4.5462
True,1.7,grids/wega/demucs/lr0.0001_ic96_sisdr0_s42/grid_demucs_lr0.0001_ic96_sisdr0_s42_20260913_000952/checkpoints/epoch0058_val_loss1.8175.pt,0.9806,8.9191,45.3128,Demucs,,96,0.0001,4110,42,0.0,ok,lr0.0001_ic96_sisdr0_s42,462.7,1.8175
True,4.0,grids/wega/demucs/lr0.0001_ic96_sisdr1_s42/grid_demucs_lr0.0001_ic96_sisdr1_s42_20260913_001736/checkpoints/epoch0057_val_loss1.7040.pt,0.9823,8.5504,45.3128,Demucs,,96,0.0001,4110,42,1.0,ok,lr0.0001_ic96_sisdr1_s42,477.3,1.704
True,11.0,grids/wega/demucs/lr0.0001_ic96_sisdr3_s42/grid_demucs_lr0.0001_ic96_sisdr3_s42_20260913_002538/checkpoints/epoch0053_val_loss1.5065.pt,0.9823,8.5052,45.3128,Demucs,,96,0.0001,4110,42,3.0,ok,lr0.0001_ic96_sisdr3_s42,477.5,1.5065
True,2.0,grids/wega/demucs/lr0.0003_ic32_sisdr0_s42/grid_demucs_lr0.0003_ic32_sisdr0_s42_20260913_003354/checkpoints/epoch0058_val_loss2.0158.pt,0.9773,9.6548,45.3128,Demucs,,32,0.0003,4110,42,0.0,ok,lr0.0003_ic32_sisdr0_s42,218.1,2.0158
True,1.1,grids/wega/demucs/lr0.0003_ic32_sisdr1_s42/grid_demucs_lr0.0003_ic32_sisdr1_s42_20260913_003726/checkpoints/epoch0058_val_loss2.1068.pt,0.9756,10.0792,45.3128,Demucs,,32,0.0003,4110,42,1.0,ok,lr0.0003_ic32_sisdr1_s42,230.0,2.1068
False,1.0,grids/wega/demucs/lr0.0003_ic32_sisdr3_s42/grid_demucs_lr0.0003_ic32_sisdr3_s42_20260913_004117/checkpoints/epoch0059_val_loss5.0412.pt,0.3632,51.2496,45.3128,Demucs,schlechter als die Nullausgabe,32,0.0003,4110,42,3.0,verworfen,lr0.0003_ic32_sisdr3_s42,236.0,5.0412
True,8.0,grids/wega/demucs/lr0.0003_ic64_sisdr0_s42/grid_demucs_lr0.0003_ic64_sisdr0_s42_20260913_004514/checkpoints/epoch0057_val_loss1.8825.pt,0.9802,9.0164,45.3128,Demucs,,64,0.0003,4110,42,0.0,ok,lr0.0003_ic64_sisdr0_s42,297.5,1.8825
True,11.3,grids/wega/demucs/lr0.0003_ic64_sisdr1_s42/grid_demucs_lr0.0003_ic64_sisdr1_s42_20260913_005027/checkpoints/epoch0058_val_loss1.9014.pt,0.982,8.6469,45.3128,Demucs,,64,0.0003,4110,42,1.0,ok,lr0.0003_ic64_sisdr1_s42,306.7,1.9014
False,15.6,grids/wega/demucs/lr0.0003_ic64_sisdr3_s42/grid_demucs_lr0.0003_ic64_sisdr3_s42_20260913_005549/checkpoints/epoch0059_val_loss3.9644.pt,0.3835,49.7613,45.3128,Demucs,schlechter als die Nullausgabe,64,0.0003,4110,42,3.0,verworfen,lr0.0003_ic64_sisdr3_s42,328.8,3.9644
True,15.6,grids/wega/demucs/lr0.0003_ic96_sisdr0_s42/grid_demucs_lr0.0003_ic96_sisdr0_s42_20260913_010133/checkpoints/epoch0052_val_loss1.8947.pt,0.98,9.0406,45.3128,Demucs,,96,0.0003,4110,42,0.0,ok,lr0.0003_ic96_sisdr0_s42,468.6,1.8947
True,16.5,grids/wega/demucs/lr0.0003_ic96_sisdr1_s42/grid_demucs_lr0.0003_ic96_sisdr1_s42_20260913_010934/checkpoints/epoch0057_val_loss1.7964.pt,0.9815,8.7357,45.3128,Demucs,,96,0.0003,4110,42,1.0,ok,lr0.0003_ic96_sisdr1_s42,489.3,1.7964
False,12.2,grids/wega/demucs/lr0.0003_ic96_sisdr3_s42/grid_demucs_lr0.0003_ic96_sisdr3_s42_20260913_011802/checkpoints/epoch0057_val_loss3.7835.pt,0.3732,50.2942,45.3128,Demucs,schlechter als die Nullausgabe,96,0.0003,4110,42,3.0,verworfen,lr0.0003_ic96_sisdr3_s42,488.9,3.7835
True,16.1,grids/wega/demucs/lr0.001_ic32_sisdr0_s42/grid_demucs_lr0.001_ic32_sisdr0_s42_20260913_012623/checkpoints/epoch0057_val_loss2.3044.pt,0.9728,10.5754,45.3128,Demucs,,32,0.001,4110,42,0.0,ok,lr0.001_ic32_sisdr0_s42,245.2,2.3044
True,14.4,grids/wega/demucs/lr0.001_ic32_sisdr1_s42/grid_demucs_lr0.001_ic32_sisdr1_s42_20260913_013035/checkpoints/epoch0052_val_loss2.2927.pt,0.9764,9.8452,45.3128,Demucs,,32,0.001,4110,42,1.0,ok,lr0.001_ic32_sisdr1_s42,248.5,2.2927
False,11.8,grids/wega/demucs/lr0.001_ic32_sisdr3_s42/grid_demucs_lr0.001_ic32_sisdr3_s42_20260913_013457/checkpoints/epoch0060_val_loss4.5104.pt,0.3695,50.6776,45.3128,Demucs,schlechter als die Nullausgabe,32,0.001,4110,42,3.0,verworfen,lr0.001_ic32_sisdr3_s42,230.9,4.5104
True,15.4,grids/wega/demucs/lr0.001_ic64_sisdr0_s42/grid_demucs_lr0.001_ic64_sisdr0_s42_20260913_013909/checkpoints/epoch0055_val_loss2.1626.pt,0.9752,10.1116,45.3128,Demucs,,64,0.001,4110,42,0.0,ok,lr0.001_ic64_sisdr0_s42,296.9,2.1626
False,7.7,grids/wega/demucs/lr0.001_ic64_sisdr1_s42/grid_demucs_lr0.001_ic64_sisdr1_s42_20260913_014420/checkpoints/epoch0057_val_loss4.4680.pt,0.3815,50.0746,45.3128,Demucs,schlechter als die Nullausgabe,64,0.001,4110,42,1.0,verworfen,lr0.001_ic64_sisdr1_s42,316.1,4.468
False,13.4,grids/wega/demucs/lr0.001_ic64_sisdr3_s42/grid_demucs_lr0.001_ic64_sisdr3_s42_20260913_014943/checkpoints/epoch0060_val_loss4.6639.pt,0.3757,50.3434,45.3128,Demucs,schlechter als die Nullausgabe,64,0.001,4110,42,3.0,verworfen,lr0.001_ic64_sisdr3_s42,314.9,4.6639
False,13.5,grids/wega/demucs/lr0.001_ic96_sisdr0_s42/grid_demucs_lr0.001_ic96_sisdr0_s42_20260913_015513/checkpoints/epoch0060_val_loss4.3618.pt,0.3895,49.5712,45.3128,Demucs,schlechter als die Nullausgabe,96,0.001,4110,42,0.0,verworfen,lr0.001_ic96_sisdr0_s42,468.9,4.3618
False,15.0,grids/wega/demucs/lr0.001_ic96_sisdr1_s42/grid_demucs_lr0.001_ic96_sisdr1_s42_20260913_020316/checkpoints/epoch0058_val_loss9.2982.pt,0.4778,45.9527,45.3128,Demucs,schlechter als die Nullausgabe,96,0.001,4110,42,1.0,verworfen,lr0.001_ic96_sisdr1_s42,485.2,9.2982
False,9.9,grids/wega/demucs/lr0.001_ic96_sisdr3_s42/grid_demucs_lr0.001_ic96_sisdr3_s42_20260913_021137/checkpoints/epoch0058_val_loss11.2743.pt,0.4653,46.8567,45.3128,Demucs,schlechter als die Nullausgabe,96,0.001,4110,42,3.0,verworfen,lr0.001_ic96_sisdr3_s42,478.3,11.2743
